City,State short,State full,County,City alias
Avon,CT,Connecticut,HARTFORD,Avon
Bloomfield,CT,Connecticut,HARTFORD,Bloomfield
Windsor,CT,Connecticut,HARTFORD,Windsor
Windsor,CT,Connecticut,HARTFORD,Northeast Area
Bristol,CT,Connecticut,HARTFORD,Forestville
Bristol,CT,Connecticut,HARTFORD,Bristol
Burlington,CT,Connecticut,HARTFORD,Burlington
Burlington,CT,Connecticut,HARTFORD,Unionville
Broad Brook,CT,Connecticut,HARTFORD,Windsorville
Broad Brook,CT,Connecticut,HARTFORD,Broad Brook
Broad Brook,CT,Connecticut,HARTFORD,Melrose
Canaan,CT,Connecticut,LITCHFIELD,North Canaan
Canaan,CT,Connecticut,LITCHFIELD,No Canaan
Canaan,CT,Connecticut,LITCHFIELD,Canaan
Canton,CT,Connecticut,HARTFORD,Canton
Canton,CT,Connecticut,HARTFORD,Collinsville
Canton Center,CT,Connecticut,HARTFORD,Cherry Brook
Canton Center,CT,Connecticut,HARTFORD,Canton Center
Colebrook,CT,Connecticut,LITCHFIELD,Colebrook
Colebrook,CT,Connecticut,LITCHFIELD,Colbrook
Collinsville,CT,Connecticut,HARTFORD,Collinsville
East Berlin,CT,Connecticut,HARTFORD,East Berlin
East Canaan,CT,Connecticut,LITCHFIELD,East Canaan
East Glastonbury,CT,Connecticut,HARTFORD,E Glstnbry
East Glastonbury,CT,Connecticut,HARTFORD,E Glastonbury
East Glastonbury,CT,Connecticut,HARTFORD,East Glastonbury
East Granby,CT,Connecticut,HARTFORD,East Granby
East Hartland,CT,Connecticut,HARTFORD,East Hartland
East Windsor Hill,CT,Connecticut,HARTFORD,East Windsor Hill
East Windsor Hill,CT,Connecticut,HARTFORD,E Windsor Hl
Ellington,CT,Connecticut,TOLLAND,Ellington
Farmington,CT,Connecticut,HARTFORD,Farmington
Farmington,CT,Connecticut,HARTFORD,University Of Ct Health Ctr
Falls Village,CT,Connecticut,LITCHFIELD,Falls Village
Falls Village,CT,Connecticut,LITCHFIELD,South Canaan
Farmington,CT,Connecticut,HARTFORD,The Exchange At Talcott Vill
Farmington,CT,Connecticut,HARTFORD,West Farms Mall
Farmington,CT,Connecticut,HARTFORD,Talcott Village
Glastonbury,CT,Connecticut,HARTFORD,Glastonbury
Granby,CT,Connecticut,HARTFORD,Granby
Berlin,CT,Connecticut,HARTFORD,Berlin
Berlin,CT,Connecticut,HARTFORD,Kenington
Berlin,CT,Connecticut,HARTFORD,Kensington
Lakeville,CT,Connecticut,LITCHFIELD,Hotchkiss School
Lakeville,CT,Connecticut,LITCHFIELD,Lakeville
Manchester,CT,Connecticut,HARTFORD,Manchester
Manchester,CT,Connecticut,HARTFORD,Jc Penney Co
Bolton,CT,Connecticut,TOLLAND,Bolton
New Britain,CT,Connecticut,HARTFORD,New Britain
New Britain,CT,Connecticut,HARTFORD,New Brit
New Hartford,CT,Connecticut,LITCHFIELD,Bakersville
New Hartford,CT,Connecticut,LITCHFIELD,Nepaug
New Hartford,CT,Connecticut,LITCHFIELD,New Hartford
Norfolk,CT,Connecticut,LITCHFIELD,Norfolk
North Canton,CT,Connecticut,HARTFORD,North Canton
North Granby,CT,Connecticut,HARTFORD,North Granby
Pine Meadow,CT,Connecticut,LITCHFIELD,Pine Meadow
Plainville,CT,Connecticut,HARTFORD,Plainville
Barkhamsted,CT,Connecticut,LITCHFIELD,Barkhamsted
Barkhamsted,CT,Connecticut,LITCHFIELD,Pleasant Valley
Barkhamsted,CT,Connecticut,LITCHFIELD,Pleasant Vly
Barkhamsted,CT,Connecticut,LITCHFIELD,Winsted
Poquonock,CT,Connecticut,HARTFORD,Poquonock
Riverton,CT,Connecticut,LITCHFIELD,Riverton
Vernon Rockville,CT,Connecticut,TOLLAND,Vernon
Vernon Rockville,CT,Connecticut,TOLLAND,Vernon Rockvl
Vernon Rockville,CT,Connecticut,TOLLAND,Rockville
Vernon Rockville,CT,Connecticut,TOLLAND,Turnpike
Vernon Rockville,CT,Connecticut,TOLLAND,Vernon-Rockville
Vernon Rockville,CT,Connecticut,TOLLAND,Vernon Rockville
Vernon Rockville,CT,Connecticut,TOLLAND,Talcottville
Rocky Hill,CT,Connecticut,HARTFORD,Rocky Hill
Salisbury,CT,Connecticut,LITCHFIELD,Salisbury
Sharon,CT,Connecticut,LITCHFIELD,West Woods
Sharon,CT,Connecticut,LITCHFIELD,Sharon Valley
Sharon,CT,Connecticut,LITCHFIELD,Sharon
Simsbury,CT,Connecticut,HARTFORD,Simbury
Simsbury,CT,Connecticut,HARTFORD,Simsbury
Somers,CT,Connecticut,TOLLAND,Somers
Somers,CT,Connecticut,TOLLAND,Connecticut State Prison
Somersville,CT,Connecticut,TOLLAND,Somersville
South Glastonbury,CT,Connecticut,HARTFORD,South Glastonbury
South Glastonbury,CT,Connecticut,HARTFORD,S Glastonbury
South Windsor,CT,Connecticut,HARTFORD,Bissell
South Windsor,CT,Connecticut,HARTFORD,South Windsor
South Windsor,CT,Connecticut,HARTFORD,Wapping
Stafford,CT,Connecticut,TOLLAND,Stafford
Stafford Springs,CT,Connecticut,TOLLAND,West Stafford
Stafford Springs,CT,Connecticut,TOLLAND,Stafford Sp
Stafford Springs,CT,Connecticut,TOLLAND,Stafford Springs
Stafford Springs,CT,Connecticut,TOLLAND,Union
Stafford Springs,CT,Connecticut,TOLLAND,Stafford Spgs
Staffordville,CT,Connecticut,TOLLAND,Staffordville
Suffield,CT,Connecticut,HARTFORD,Suffield
Taconic,CT,Connecticut,LITCHFIELD,Taconic
Taconic,CT,Connecticut,LITCHFIELD,Twin Lakes
Suffield,CT,Connecticut,HARTFORD,Mcdougal Correctional Fclty
Tariffville,CT,Connecticut,HARTFORD,Tariffville
Enfield,CT,Connecticut,HARTFORD,Enfield
Enfield,CT,Connecticut,HARTFORD,North Thompsonville
Enfield,CT,Connecticut,HARTFORD,Scitico
Enfield,CT,Connecticut,HARTFORD,Hazardville
Enfield,CT,Connecticut,HARTFORD,Thompsonville
Tolland,CT,Connecticut,TOLLAND,Tolland
Unionville,CT,Connecticut,HARTFORD,Lake Garda
Unionville,CT,Connecticut,HARTFORD,Unionville
Unionville,CT,Connecticut,HARTFORD,Accr A Data
East Windsor,CT,Connecticut,HARTFORD,Scantic
East Windsor,CT,Connecticut,HARTFORD,Warehouse Point
East Windsor,CT,Connecticut,HARTFORD,East Windsor
Weatogue,CT,Connecticut,HARTFORD,Weatogue
West Granby,CT,Connecticut,HARTFORD,West Granby
West Hartland,CT,Connecticut,HARTFORD,West Hartland
West Simsbury,CT,Connecticut,HARTFORD,West Simsbury
West Suffield,CT,Connecticut,HARTFORD,W Suffield
West Suffield,CT,Connecticut,HARTFORD,West Suffield
Winchester Center,CT,Connecticut,LITCHFIELD,Winchester
Winchester Center,CT,Connecticut,LITCHFIELD,Winchestr Ctr
Winchester Center,CT,Connecticut,LITCHFIELD,Winchester Center
Windsor,CT,Connecticut,HARTFORD,Wilson
Windsor Locks,CT,Connecticut,HARTFORD,Bradley International Airpor
Windsor Locks,CT,Connecticut,HARTFORD,Windsor Locks
Winsted,CT,Connecticut,LITCHFIELD,Winchestr Ctr
Winsted,CT,Connecticut,LITCHFIELD,Winchester Center
Winsted,CT,Connecticut,LITCHFIELD,Winchester
Winsted,CT,Connecticut,LITCHFIELD,Winsted
Hartford,CT,Connecticut,HARTFORD,Hartford
Hartford,CT,Connecticut,HARTFORD,Htfd
Hartford,CT,Connecticut,HARTFORD,Htd
Hartford,CT,Connecticut,HARTFORD,Central
Hartford,CT,Connecticut,HARTFORD,Main Office
Hartford,CT,Connecticut,HARTFORD,West Hartford
Hartford,CT,Connecticut,HARTFORD,Hfd
West Hartford,CT,Connecticut,HARTFORD,Hartford
West Hartford,CT,Connecticut,HARTFORD,W Htfd
West Hartford,CT,Connecticut,HARTFORD,West Hartford
West Hartford,CT,Connecticut,HARTFORD,W Hartford
West Hartford,CT,Connecticut,HARTFORD,West Hartfrd
East Hartford,CT,Connecticut,HARTFORD,Hartford
East Hartford,CT,Connecticut,HARTFORD,Hfd
East Hartford,CT,Connecticut,HARTFORD,East Htfd
East Hartford,CT,Connecticut,HARTFORD,Htfd
East Hartford,CT,Connecticut,HARTFORD,East Hartford
East Hartford,CT,Connecticut,HARTFORD,Forbes Village
East Hartford,CT,Connecticut,HARTFORD,Hartfrd
East Hartford,CT,Connecticut,HARTFORD,E Hartford
Wethersfield,CT,Connecticut,HARTFORD,Wethersfld
Wethersfield,CT,Connecticut,HARTFORD,Hartford
Wethersfield,CT,Connecticut,HARTFORD,Weth
Wethersfield,CT,Connecticut,HARTFORD,Wethersfield
Wethersfield,CT,Connecticut,HARTFORD,Hfd
Wethersfield,CT,Connecticut,HARTFORD,Htfd
Wethersfield,CT,Connecticut,HARTFORD,Weathersfield
West Hartford,CT,Connecticut,HARTFORD,Corbins Corner
West Hartford,CT,Connecticut,HARTFORD,Elmwood
Newington,CT,Connecticut,HARTFORD,Htfd
Newington,CT,Connecticut,HARTFORD,Hfd
Newington,CT,Connecticut,HARTFORD,Hartford
Newington,CT,Connecticut,HARTFORD,Newington
Hartford,CT,Connecticut,HARTFORD,Blue Hills
Hartford,CT,Connecticut,HARTFORD,Barry Square
West Hartford,CT,Connecticut,HARTFORD,Bishop's Corner
East Hartford,CT,Connecticut,HARTFORD,E Htfd
Hartford,CT,Connecticut,HARTFORD,Unity Plaza
West Hartford,CT,Connecticut,HARTFORD,Bishops Corner
West Hartford,CT,Connecticut,HARTFORD,Bishops Cor
East Hartford,CT,Connecticut,HARTFORD,Silver Lane
Hartford,CT,Connecticut,HARTFORD,Hartford Natl Bank
Hartford,CT,Connecticut,HARTFORD,Bank Of America
Hartford,CT,Connecticut,HARTFORD,Allstate
Hartford,CT,Connecticut,HARTFORD,C T Mutual Insurance Co
Hartford,CT,Connecticut,HARTFORD,Hartford Insurance Group
Hartford,CT,Connecticut,HARTFORD,Aetna Life
Hartford,CT,Connecticut,HARTFORD,Aetna Insurance
Hartford,CT,Connecticut,HARTFORD,Ct Dept Of Motor Vehicles
Hartford,CT,Connecticut,HARTFORD,Wethersfield
Hartford,CT,Connecticut,HARTFORD,A A R P Pharmacy
IRS,CT,Connecticut,HARTFORD,Irs
Hartford,CT,Connecticut,HARTFORD,Travelers Ins
Willimantic,CT,Connecticut,WINDHAM,Willimantic
Willimantic,CT,Connecticut,WINDHAM,Conantville
Willimantic,CT,Connecticut,WINDHAM,Perkins Corner
Willimantic,CT,Connecticut,WINDHAM,Chestnut Hill
Abington,CT,Connecticut,WINDHAM,Abington
Amston,CT,Connecticut,TOLLAND,Amston
Andover,CT,Connecticut,TOLLAND,Andover
Ballouville,CT,Connecticut,WINDHAM,Ballouville
Ballouville,CT,Connecticut,WINDHAM,Killingly
Brooklyn,CT,Connecticut,WINDHAM,Bkln
Brooklyn,CT,Connecticut,WINDHAM,Brooklyn
Chaplin,CT,Connecticut,WINDHAM,Mansfield Ctr
Chaplin,CT,Connecticut,WINDHAM,North Windham
Chaplin,CT,Connecticut,WINDHAM,Mansfield Center
Chaplin,CT,Connecticut,WINDHAM,Chaplin
Columbia,CT,Connecticut,TOLLAND,Columbia
Coventry,CT,Connecticut,TOLLAND,Coventry
Danielson,CT,Connecticut,WINDHAM,Danielson
Danielson,CT,Connecticut,WINDHAM,East Brooklyn
Danielson,CT,Connecticut,WINDHAM,South Killingly
Danielson,CT,Connecticut,WINDHAM,Killingly
Dayville,CT,Connecticut,WINDHAM,Dayville
Dayville,CT,Connecticut,WINDHAM,Killingly Center
Dayville,CT,Connecticut,WINDHAM,Killingly
Eastford,CT,Connecticut,WINDHAM,Eastford
East Killingly,CT,Connecticut,WINDHAM,E Killingly
East Killingly,CT,Connecticut,WINDHAM,Killingly
East Killingly,CT,Connecticut,WINDHAM,East Killingly
East Woodstock,CT,Connecticut,WINDHAM,E Woodstock
East Woodstock,CT,Connecticut,WINDHAM,East Woodstock
Fabyan,CT,Connecticut,WINDHAM,Fabyan
Grosvenor Dale,CT,Connecticut,WINDHAM,Grosvenor Dl
Grosvenor Dale,CT,Connecticut,WINDHAM,Grosvenor Dale
Hampton,CT,Connecticut,WINDHAM,Hampton
Hebron,CT,Connecticut,TOLLAND,Hebron
Lebanon,CT,Connecticut,NEW LONDON,Exeter
Lebanon,CT,Connecticut,NEW LONDON,Lebanon
Mansfield Center,CT,Connecticut,TOLLAND,West Ashford
Mansfield Center,CT,Connecticut,TOLLAND,Mansfield
Mansfield Center,CT,Connecticut,TOLLAND,Mansfield Center
Mansfield Center,CT,Connecticut,TOLLAND,Mansfield Ctr
Mansfield Center,CT,Connecticut,TOLLAND,Mansfield Hollow
Mansfield Depot,CT,Connecticut,TOLLAND,Mansfield Depot
Mansfield Depot,CT,Connecticut,TOLLAND,Mansfield Dpt
Mansfield Depot,CT,Connecticut,TOLLAND,Merrow
North Franklin,CT,Connecticut,NEW LONDON,N Franklin
North Franklin,CT,Connecticut,NEW LONDON,Franklin
North Franklin,CT,Connecticut,NEW LONDON,Franklin Hill
North Franklin,CT,Connecticut,NEW LONDON,North Franklin
North Grosvenordale,CT,Connecticut,WINDHAM,N Grosvenordl
North Grosvenordale,CT,Connecticut,WINDHAM,North Grosvenordale
North Grosvenordale,CT,Connecticut,WINDHAM,North Grosvendale
North Windham,CT,Connecticut,WINDHAM,South Chaplin
North Windham,CT,Connecticut,WINDHAM,North Windham
Pomfret,CT,Connecticut,WINDHAM,Pomfret
Pomfret Center,CT,Connecticut,WINDHAM,Pomfret Ctr
Pomfret Center,CT,Connecticut,WINDHAM,Elliot
Pomfret Center,CT,Connecticut,WINDHAM,Pomfret Center
Pomfret Center,CT,Connecticut,WINDHAM,Ponfret Center
Pomfret Center,CT,Connecticut,WINDHAM,Pomfret Landing
Putnam,CT,Connecticut,WINDHAM,East Putnam
Putnam,CT,Connecticut,WINDHAM,Rhodesville
Putnam,CT,Connecticut,WINDHAM,Putnam Heights
Putnam,CT,Connecticut,WINDHAM,Putman
Putnam,CT,Connecticut,WINDHAM,Laurel Hill
Putnam,CT,Connecticut,WINDHAM,Putnm
Putnam,CT,Connecticut,WINDHAM,Putnam
Putnam,CT,Connecticut,WINDHAM,Sawyer District
Quinebaug,CT,Connecticut,WINDHAM,Quinebaug
Rogers,CT,Connecticut,WINDHAM,Killingly
Rogers,CT,Connecticut,WINDHAM,Rogers
Scotland,CT,Connecticut,WINDHAM,Scotland
South Willington,CT,Connecticut,TOLLAND,S Willington
South Willington,CT,Connecticut,TOLLAND,South Willington
South Windham,CT,Connecticut,WINDHAM,South Windham
South Woodstock,CT,Connecticut,WINDHAM,South Woodstock
South Woodstock,CT,Connecticut,WINDHAM,S Woodstock
Storrs Mansfield,CT,Connecticut,TOLLAND,Gurleyville
Storrs Mansfield,CT,Connecticut,TOLLAND,Mansfield
Storrs Mansfield,CT,Connecticut,TOLLAND,Storrs/mansfield
Storrs Mansfield,CT,Connecticut,TOLLAND,Storrs Manfld
Storrs Mansfield,CT,Connecticut,TOLLAND,Storrs Mansfield
Storrs Mansfield,CT,Connecticut,TOLLAND,Storrs
Storrs Mansfield,CT,Connecticut,TOLLAND,University Of Ct
Thompson,CT,Connecticut,WINDHAM,East Thompson
Thompson,CT,Connecticut,WINDHAM,Mechanicsville
Thompson,CT,Connecticut,WINDHAM,Thompson
Ashford,CT,Connecticut,WINDHAM,Warrenville
Ashford,CT,Connecticut,WINDHAM,Ashford
Willington,CT,Connecticut,TOLLAND,W Willington
Willington,CT,Connecticut,TOLLAND,Willington
Willington,CT,Connecticut,TOLLAND,East Willington
Windham,CT,Connecticut,WINDHAM,Windham
Woodstock,CT,Connecticut,WINDHAM,Woodstock
Woodstock Valley,CT,Connecticut,WINDHAM,Woodstock Valley
Woodstock Valley,CT,Connecticut,WINDHAM,Woodstock Vly
New London,CT,Connecticut,NEW LONDON,United States Coast Guard
New London,CT,Connecticut,NEW LONDON,Us Coast Guard Acad
New London,CT,Connecticut,NEW LONDON,New London
New London,CT,Connecticut,NEW LONDON,Ft Trumbull
Baltic,CT,Connecticut,NEW LONDON,Baltic
Baltic,CT,Connecticut,NEW LONDON,Sprague
Canterbury,CT,Connecticut,WINDHAM,South Canterbury
Canterbury,CT,Connecticut,WINDHAM,Canterbury
Central Village,CT,Connecticut,WINDHAM,Central Vlg
Central Village,CT,Connecticut,WINDHAM,Central Village
East Lyme,CT,Connecticut,NEW LONDON,East Lyme
Bozrah,CT,Connecticut,NEW LONDON,Fitchville
Bozrah,CT,Connecticut,NEW LONDON,Bozrah
Gales Ferry,CT,Connecticut,NEW LONDON,Gales Ferry
Gilman,CT,Connecticut,NEW LONDON,Gilman
Mashantucket,CT,Connecticut,NEW LONDON,Ledyard
Mashantucket,CT,Connecticut,NEW LONDON,Mashantucket
Ledyard,CT,Connecticut,NEW LONDON,Gales Ferry
Ledyard,CT,Connecticut,NEW LONDON,Ledyard
Groton,CT,Connecticut,NEW LONDON,Center Groton
Groton,CT,Connecticut,NEW LONDON,Groton Long Point
Groton,CT,Connecticut,NEW LONDON,Poquonock Bridge
Groton,CT,Connecticut,NEW LONDON,Borough
Groton,CT,Connecticut,NEW LONDON,Noank
Groton,CT,Connecticut,NEW LONDON,Groton
Groton,CT,Connecticut,NEW LONDON,Jupiter Point
Groton,CT,Connecticut,NEW LONDON,Naval Submarine Base
Groton,CT,Connecticut,NEW LONDON,Sub Base New London
Groton,CT,Connecticut,NEW LONDON,Navsub Base
Groton,CT,Connecticut,NEW LONDON,Submarine Base
Hanover,CT,Connecticut,NEW LONDON,Hanover
Jewett City,CT,Connecticut,NEW LONDON,Preston
Jewett City,CT,Connecticut,NEW LONDON,Hopeville
Jewett City,CT,Connecticut,NEW LONDON,Lisbon
Jewett City,CT,Connecticut,NEW LONDON,Jewett City
Jewett City,CT,Connecticut,NEW LONDON,Griswold
Montville,CT,Connecticut,NEW LONDON,Montville
Moosup,CT,Connecticut,WINDHAM,Moosup
Mystic,CT,Connecticut,NEW LONDON,Mystic
Mystic,CT,Connecticut,NEW LONDON,Masons Island
Niantic,CT,Connecticut,NEW LONDON,Niantic
North Stonington,CT,Connecticut,NEW LONDON,North Stonington
North Stonington,CT,Connecticut,NEW LONDON,N Stonington
Norwich,CT,Connecticut,NEW LONDON,Poquetanuck
Norwich,CT,Connecticut,NEW LONDON,Norwichtown
Norwich,CT,Connecticut,NEW LONDON,Occum
Norwich,CT,Connecticut,NEW LONDON,Norwich
Preston,CT,Connecticut,NEW LONDON,Norwich
Preston,CT,Connecticut,NEW LONDON,Preston
Oakdale,CT,Connecticut,NEW LONDON,Oakdale
Oakdale,CT,Connecticut,NEW LONDON,Chesterfield
Old Lyme,CT,Connecticut,NEW LONDON,Lyme
Old Lyme,CT,Connecticut,NEW LONDON,North Lyme
Old Lyme,CT,Connecticut,NEW LONDON,Old Lyme
Old Mystic,CT,Connecticut,NEW LONDON,Old Mystic
Oneco,CT,Connecticut,WINDHAM,Oneco
Plainfield,CT,Connecticut,WINDHAM,Plainfield
Quaker Hill,CT,Connecticut,NEW LONDON,Quaker Hill
South Lyme,CT,Connecticut,NEW LONDON,South Lyme
South Lyme,CT,Connecticut,NEW LONDON,Point O Woods
Sterling,CT,Connecticut,WINDHAM,North Sterling
Sterling,CT,Connecticut,WINDHAM,Sterling
Stonington,CT,Connecticut,NEW LONDON,Shawondassee
Stonington,CT,Connecticut,NEW LONDON,Stonington
Stonington,CT,Connecticut,NEW LONDON,Lords Point
Pawcatuck,CT,Connecticut,NEW LONDON,Pawcatuck
Taftville,CT,Connecticut,NEW LONDON,Taftville
Uncasville,CT,Connecticut,NEW LONDON,Uncasville
Versailles,CT,Connecticut,NEW LONDON,Versailles
Voluntown,CT,Connecticut,NEW LONDON,Glasgo
Voluntown,CT,Connecticut,NEW LONDON,Voluntown
Waterford,CT,Connecticut,NEW LONDON,Waterford
Waterford,CT,Connecticut,NEW LONDON,Jordan Village
Waterford,CT,Connecticut,NEW LONDON,Millstone
Wauregan,CT,Connecticut,WINDHAM,Wauregan
Wauregan,CT,Connecticut,WINDHAM,West Wauregan
West Mystic,CT,Connecticut,NEW LONDON,Mystic
West Mystic,CT,Connecticut,NEW LONDON,West Mystic
Yantic,CT,Connecticut,NEW LONDON,Yantic
Ansonia,CT,Connecticut,NEW HAVEN,Ansonia
Beacon Falls,CT,Connecticut,NEW HAVEN,Beacon Falls
Botsford,CT,Connecticut,FAIRFIELD,Botsford
Branford,CT,Connecticut,NEW HAVEN,Branford
Cheshire,CT,Connecticut,NEW HAVEN,Cheshire
Cheshire,CT,Connecticut,NEW HAVEN,Macys By Mail
Centerbrook,CT,Connecticut,MIDDLESEX,Centerbrook
Cheshire,CT,Connecticut,NEW HAVEN,Bloomingdales By Mail Ltd
Chester,CT,Connecticut,MIDDLESEX,Chester
Clinton,CT,Connecticut,MIDDLESEX,Clinton
Cobalt,CT,Connecticut,MIDDLESEX,Cobalt
Colchester,CT,Connecticut,NEW LONDON,Colchester
Cromwell,CT,Connecticut,MIDDLESEX,Cromwell
Deep River,CT,Connecticut,MIDDLESEX,Deep River
Derby,CT,Connecticut,NEW HAVEN,Derby
Killingworth,CT,Connecticut,MIDDLESEX,Killingworth
Killingworth,CT,Connecticut,MIDDLESEX,Deep River
Salem,CT,Connecticut,NEW LONDON,Colchester
Salem,CT,Connecticut,NEW LONDON,Salem
Durham,CT,Connecticut,MIDDLESEX,Durham
East Haddam,CT,Connecticut,MIDDLESEX,East Haddam
East Hampton,CT,Connecticut,MIDDLESEX,East Hampton
East Hampton,CT,Connecticut,MIDDLESEX,Haddam Neck
Essex,CT,Connecticut,MIDDLESEX,Essex
Guilford,CT,Connecticut,NEW HAVEN,Guilford
Haddam,CT,Connecticut,MIDDLESEX,Haddam
Hadlyme,CT,Connecticut,NEW LONDON,Hadlyme
Hawleyville,CT,Connecticut,FAIRFIELD,Hawleyville
Higganum,CT,Connecticut,MIDDLESEX,Higganum
Ivoryton,CT,Connecticut,MIDDLESEX,Ivoryton
Madison,CT,Connecticut,NEW HAVEN,Madison
Marion,CT,Connecticut,HARTFORD,Marion
Marlborough,CT,Connecticut,HARTFORD,Marlboro
Marlborough,CT,Connecticut,HARTFORD,Marlborough
Meriden,CT,Connecticut,NEW HAVEN,Meriden
Middlefield,CT,Connecticut,MIDDLESEX,Middlefield
Middle Haddam,CT,Connecticut,MIDDLESEX,Middle Haddam
Middletown,CT,Connecticut,MIDDLESEX,Middletown
Middletown,CT,Connecticut,MIDDLESEX,Wesleyan
Milford,CT,Connecticut,NEW HAVEN,Milford
Milldale,CT,Connecticut,HARTFORD,Milldale
Monroe,CT,Connecticut,FAIRFIELD,Stepney
Monroe,CT,Connecticut,FAIRFIELD,Upper Stepney
Monroe,CT,Connecticut,FAIRFIELD,Monroe
Moodus,CT,Connecticut,MIDDLESEX,Moodus
Newtown,CT,Connecticut,FAIRFIELD,Newtown
North Branford,CT,Connecticut,NEW HAVEN,N Branford
North Branford,CT,Connecticut,NEW HAVEN,North Branford
Northford,CT,Connecticut,NEW HAVEN,Northford
North Haven,CT,Connecticut,NEW HAVEN,No Haven
North Haven,CT,Connecticut,NEW HAVEN,North Haven
North Westchester,CT,Connecticut,NEW LONDON,N Westchester
North Westchester,CT,Connecticut,NEW LONDON,North Westchester
Old Saybrook,CT,Connecticut,MIDDLESEX,Old Saybrook
Old Saybrook,CT,Connecticut,MIDDLESEX,Fenwick
Orange,CT,Connecticut,NEW HAVEN,Orange
Oxford,CT,Connecticut,NEW HAVEN,Oxford
Oxford,CT,Connecticut,NEW HAVEN,Seymour
Plantsville,CT,Connecticut,HARTFORD,Plantsville
Portland,CT,Connecticut,MIDDLESEX,Portland
Rockfall,CT,Connecticut,MIDDLESEX,Rockfall
Sandy Hook,CT,Connecticut,FAIRFIELD,Sandy Hook
Seymour,CT,Connecticut,NEW HAVEN,Seymour
Shelton,CT,Connecticut,FAIRFIELD,Huntington
Shelton,CT,Connecticut,FAIRFIELD,Shelton
South Britain,CT,Connecticut,NEW HAVEN,South Britain
Southbury,CT,Connecticut,NEW HAVEN,Southbury
Southington,CT,Connecticut,HARTFORD,Southington
Stevenson,CT,Connecticut,FAIRFIELD,Stevenson
Wallingford,CT,Connecticut,NEW HAVEN,Wallingford
Wallingford,CT,Connecticut,NEW HAVEN,Yalesville
Wallingford,CT,Connecticut,NEW HAVEN,Publishers Clearing House
Wallingford,CT,Connecticut,NEW HAVEN,Ct Gen Med Claims Office
Wallingford,CT,Connecticut,NEW HAVEN,Fosdick Corp
Wallingford,CT,Connecticut,NEW HAVEN,International Masters Pub
Westbrook,CT,Connecticut,MIDDLESEX,Westbrook
New Haven,CT,Connecticut,NEW HAVEN,New Haven
New Haven,CT,Connecticut,NEW HAVEN,N Haven
New Haven,CT,Connecticut,NEW HAVEN,Hamden
East Haven,CT,Connecticut,NEW HAVEN,East Haven
East Haven,CT,Connecticut,NEW HAVEN,New Haven
New Haven,CT,Connecticut,NEW HAVEN,Fair Haven
New Haven,CT,Connecticut,NEW HAVEN,E Haven
New Haven,CT,Connecticut,NEW HAVEN,East Haven
Hamden,CT,Connecticut,NEW HAVEN,Hamden
Hamden,CT,Connecticut,NEW HAVEN,New Haven
New Haven,CT,Connecticut,NEW HAVEN,Westville
West Haven,CT,Connecticut,NEW HAVEN,N Haven
West Haven,CT,Connecticut,NEW HAVEN,W Haven
West Haven,CT,Connecticut,NEW HAVEN,West Haven
Hamden,CT,Connecticut,NEW HAVEN,Whitneyville
Hamden,CT,Connecticut,NEW HAVEN,Centerville-Mount Carmel
Hamden,CT,Connecticut,NEW HAVEN,Mount Carmel
Bethany,CT,Connecticut,NEW HAVEN,Bethany
Bethany,CT,Connecticut,NEW HAVEN,New Haven
Woodbridge,CT,Connecticut,NEW HAVEN,Woodbridge
Woodbridge,CT,Connecticut,NEW HAVEN,New Haven
New Haven,CT,Connecticut,NEW HAVEN,Advertising Distr Co
New Haven,CT,Connecticut,NEW HAVEN,Conn Bank & Trust Co
Bridgeport,CT,Connecticut,FAIRFIELD,Bridgeport
Trumbull,CT,Connecticut,FAIRFIELD,Trumbull
Easton,CT,Connecticut,FAIRFIELD,Easton
Stratford,CT,Connecticut,FAIRFIELD,Stratford
Bridgeport,CT,Connecticut,FAIRFIELD,Stratmar Fulfillment Corp
Bridgeport,CT,Connecticut,FAIRFIELD,Promotion Marketing Ser Inc
Bridgeport,CT,Connecticut,FAIRFIELD,Controlled Distribution
Waterbury,CT,Connecticut,NEW HAVEN,Us Postal Service
Waterbury,CT,Connecticut,NEW HAVEN,Waterbury
Waterbury,CT,Connecticut,NEW HAVEN,Wtby
Waterbury,CT,Connecticut,NEW HAVEN,Plaza
Waterbury,CT,Connecticut,NEW HAVEN,Wolcott
Waterbury,CT,Connecticut,NEW HAVEN,East End
Prospect,CT,Connecticut,NEW HAVEN,Waterbury
Prospect,CT,Connecticut,NEW HAVEN,Prospect
Wolcott,CT,Connecticut,NEW HAVEN,Waterbury
Wolcott,CT,Connecticut,NEW HAVEN,Wolcott
Waterbury,CT,Connecticut,NEW HAVEN,Uniroyal Inc
Bantam,CT,Connecticut,LITCHFIELD,Bantam
Bethlehem,CT,Connecticut,LITCHFIELD,Bethlehem
Bridgewater,CT,Connecticut,LITCHFIELD,Bridgewater
Cornwall,CT,Connecticut,LITCHFIELD,Cornwall
Cornwall Bridge,CT,Connecticut,LITCHFIELD,Cornwall Brg
Cornwall Bridge,CT,Connecticut,LITCHFIELD,Warren
Cornwall Bridge,CT,Connecticut,LITCHFIELD,Cornwall Bridge
Gaylordsville,CT,Connecticut,LITCHFIELD,Gaylordsville
Goshen,CT,Connecticut,LITCHFIELD,Goshen
Kent,CT,Connecticut,LITCHFIELD,Kent
Lakeside,CT,Connecticut,LITCHFIELD,Lakeside
Litchfield,CT,Connecticut,LITCHFIELD,Litchfield
Middlebury,CT,Connecticut,NEW HAVEN,Middlebury
Morris,CT,Connecticut,LITCHFIELD,Morris
Naugatuck,CT,Connecticut,NEW HAVEN,Naugatuck
Naugatuck,CT,Connecticut,NEW HAVEN,Union City
New Milford,CT,Connecticut,LITCHFIELD,Northville
New Milford,CT,Connecticut,LITCHFIELD,New Milford
New Preston Marble Dale,CT,Connecticut,LITCHFIELD,Washington
New Preston Marble Dale,CT,Connecticut,LITCHFIELD,New Preston
New Preston Marble Dale,CT,Connecticut,LITCHFIELD,New Preston Marble Dale
New Preston Marble Dale,CT,Connecticut,LITCHFIELD,Marble Dale
New Preston Marble Dale,CT,Connecticut,LITCHFIELD,Washington Dt
New Preston Marble Dale,CT,Connecticut,LITCHFIELD,New Preston Marbledale
New Preston Marble Dale,CT,Connecticut,LITCHFIELD,Washington Depot
New Preston Marble Dale,CT,Connecticut,LITCHFIELD,Warren
New Preston Marble Dale,CT,Connecticut,LITCHFIELD,New Preston-Marble Dale
Northfield,CT,Connecticut,LITCHFIELD,Northfield
Northfield,CT,Connecticut,LITCHFIELD,Thomaston
Oakville,CT,Connecticut,LITCHFIELD,Watertown
Oakville,CT,Connecticut,LITCHFIELD,Oakville
Pequabuck,CT,Connecticut,LITCHFIELD,Pequabuck
Plymouth,CT,Connecticut,LITCHFIELD,Plymouth
Roxbury,CT,Connecticut,LITCHFIELD,Roxbury
Sherman,CT,Connecticut,FAIRFIELD,Sherman
South Kent,CT,Connecticut,LITCHFIELD,South Kent
Terryville,CT,Connecticut,LITCHFIELD,Terryville
Thomaston,CT,Connecticut,LITCHFIELD,Thomaston
Torrington,CT,Connecticut,LITCHFIELD,Torrington
Harwinton,CT,Connecticut,LITCHFIELD,Harwinton
Harwinton,CT,Connecticut,LITCHFIELD,Torrington
Torrington,CT,Connecticut,LITCHFIELD,Harwinton
Torrington,CT,Connecticut,LITCHFIELD,Mbi Inc
Washington,CT,Connecticut,LITCHFIELD,Washington Dt
Washington,CT,Connecticut,LITCHFIELD,Washington
Washington,CT,Connecticut,LITCHFIELD,Washington Depot
Washington,CT,Connecticut,LITCHFIELD,Washington Green
Washington Depot,CT,Connecticut,LITCHFIELD,Washington Depot
Washington Depot,CT,Connecticut,LITCHFIELD,Washington Dt
Washington Depot,CT,Connecticut,LITCHFIELD,Washington
Watertown,CT,Connecticut,LITCHFIELD,Watertown
Watertown,CT,Connecticut,LITCHFIELD,Oakville
West Cornwall,CT,Connecticut,LITCHFIELD,West Cornwall
Woodbury,CT,Connecticut,LITCHFIELD,Woodbury
Bethel,CT,Connecticut,FAIRFIELD,Bethel
Brookfield,CT,Connecticut,FAIRFIELD,Brookfield
Brookfield,CT,Connecticut,FAIRFIELD,Brookfld Ctr
Brookfield,CT,Connecticut,FAIRFIELD,Brookfield Center
Cos Cob,CT,Connecticut,FAIRFIELD,Cos Cob
Danbury,CT,Connecticut,FAIRFIELD,Danbury
New Fairfield,CT,Connecticut,FAIRFIELD,New Fairfield
Danbury,CT,Connecticut,FAIRFIELD,Shared Zip For Brm
Danbury,CT,Connecticut,FAIRFIELD,Grolier Entrprz Inc
Danbury,CT,Connecticut,FAIRFIELD,Union Carbide Corp
Darien,CT,Connecticut,FAIRFIELD,Tokeneke
Darien,CT,Connecticut,FAIRFIELD,Darien
Darien,CT,Connecticut,FAIRFIELD,Noroton
Darien,CT,Connecticut,FAIRFIELD,Noroton Heights
Fairfield,CT,Connecticut,FAIRFIELD,Fairfield
Fairfield,CT,Connecticut,FAIRFIELD,General Electric
Georgetown,CT,Connecticut,FAIRFIELD,Georgetown
Greenwich,CT,Connecticut,FAIRFIELD,Belle Haven
Greenwich,CT,Connecticut,FAIRFIELD,Greenwich
Greenwich,CT,Connecticut,FAIRFIELD,Glenville
Greens Farms,CT,Connecticut,FAIRFIELD,Greens Farms
New Canaan,CT,Connecticut,FAIRFIELD,New Canaan
Norwalk,CT,Connecticut,FAIRFIELD,Norwalk
Norwalk,CT,Connecticut,FAIRFIELD,Rowayton
Norwalk,CT,Connecticut,FAIRFIELD,South Norwalk
Norwalk,CT,Connecticut,FAIRFIELD,East Norwalk
Norwalk,CT,Connecticut,FAIRFIELD,Mbi Inc
Norwalk,CT,Connecticut,FAIRFIELD,Setan Industries
Norwalk,CT,Connecticut,FAIRFIELD,Perkin Elmer Corp
Norwalk,CT,Connecticut,FAIRFIELD,Shared Zip For Brm
Old Greenwich,CT,Connecticut,FAIRFIELD,Old Greenwich
Redding Center,CT,Connecticut,FAIRFIELD,Redding Center
Redding Center,CT,Connecticut,FAIRFIELD,Redding Cen
Redding Ridge,CT,Connecticut,FAIRFIELD,Redding Ridge
Ridgefield,CT,Connecticut,FAIRFIELD,Ridgefield
Riverside,CT,Connecticut,FAIRFIELD,Riverside
Ridgefield,CT,Connecticut,FAIRFIELD,Promotion Systems Inc
Westport,CT,Connecticut,FAIRFIELD,Saugatuck
Westport,CT,Connecticut,FAIRFIELD,Westport
Weston,CT,Connecticut,FAIRFIELD,Weston
Westport,CT,Connecticut,FAIRFIELD,Promotional Dev Inc
Westport,CT,Connecticut,FAIRFIELD,Websters Unified
Southport,CT,Connecticut,FAIRFIELD,Southport
Redding,CT,Connecticut,FAIRFIELD,Redding
Redding,CT,Connecticut,FAIRFIELD,West Redding
Wilton,CT,Connecticut,FAIRFIELD,Wilton
Stamford,CT,Connecticut,FAIRFIELD,Stamford
Stamford,CT,Connecticut,FAIRFIELD,Ridgeway
Stamford,CT,Connecticut,FAIRFIELD,Glenbrook
Stamford,CT,Connecticut,FAIRFIELD,Springdale
Stamford,CT,Connecticut,FAIRFIELD,Shared Zip For Brm
Stamford,CT,Connecticut,FAIRFIELD,Conn National Bank
Stamford,CT,Connecticut,FAIRFIELD,Champion International
Stamford,CT,Connecticut,FAIRFIELD,Clairol Co
Stamford,CT,Connecticut,FAIRFIELD,Conn Bank & Trust
Stamford,CT,Connecticut,FAIRFIELD,Pitney Bowes Inc
GECC,CT,Connecticut,FAIRFIELD,Gecc
Stamford,CT,Connecticut,FAIRFIELD,International Masters Pub
Auburn,WA,Washington,KING,Algona
Auburn,WA,Washington,KING,Federal Way
Auburn,WA,Washington,KING,Auburn
Federal Way,WA,Washington,KING,Federal Way
Federal Way,WA,Washington,KING,Auburn
Bellevue,WA,Washington,KING,Bellevue
Bellevue,WA,Washington,KING,Clyde Hill
Bellevue,WA,Washington,KING,Hunts Point
Bellevue,WA,Washington,KING,Beaux Arts
Bellevue,WA,Washington,KING,Beaux Arts Village
Bellevue,WA,Washington,KING,Yarrow Point
Bellevue,WA,Washington,KING,Newport Hills
Bellevue,WA,Washington,KING,Eastgate
Black Diamond,WA,Washington,KING,Black Diamond
Black Diamond,WA,Washington,KING,Morganville
Bothell,WA,Washington,KING,Inglewood
Bothell,WA,Washington,KING,Queensgate
Bothell,WA,Washington,KING,Bothell
Bothell,WA,Washington,SNOHOMISH,Bothell
Bothell,WA,Washington,SNOHOMISH,Mill Creek
Burton,WA,Washington,KING,Vashon
Burton,WA,Washington,KING,Burton
Carnation,WA,Washington,KING,Lake Joy
Carnation,WA,Washington,KING,Carnation
Duvall,WA,Washington,KING,Duvall
Edmonds,WA,Washington,SNOHOMISH,Woodway
Edmonds,WA,Washington,SNOHOMISH,Edmonds
Bothell,WA,Washington,SNOHOMISH,Kennard Corner
Bothell,WA,Washington,SNOHOMISH,Thrashers Corner
Bothell,WA,Washington,SNOHOMISH,Queensborough
Enumclaw,WA,Washington,KING,Greenwater
Enumclaw,WA,Washington,KING,Wabash
Enumclaw,WA,Washington,KING,Cumberland
Enumclaw,WA,Washington,KING,Osceola
Enumclaw,WA,Washington,KING,Enumclaw
Enumclaw,WA,Washington,KING,Krain
Enumclaw,WA,Washington,KING,Crystal Mountain
Fall City,WA,Washington,KING,Lake Alice
Fall City,WA,Washington,KING,Fall City
Fall City,WA,Washington,KING,Spring Glen
Hobart,WA,Washington,KING,Hobart
Issaquah,WA,Washington,KING,Coal Creek
Issaquah,WA,Washington,KING,Issaquah
Issaquah,WA,Washington,KING,Pine Lake
Kenmore,WA,Washington,KING,Kenmore
Kenmore,WA,Washington,KING,Bothell
Kent,WA,Washington,KING,Kent
Kent,WA,Washington,KING,Midway
Kent,WA,Washington,KING,Woodmont Beach
Kirkland,WA,Washington,KING,Totem Lake
Kirkland,WA,Washington,KING,Houghton
Kirkland,WA,Washington,KING,Kirkland
Kirkland,WA,Washington,KING,Juanita
Kirkland,WA,Washington,KING,Kingsgate
Lynnwood,WA,Washington,SNOHOMISH,Brier
Lynnwood,WA,Washington,SNOHOMISH,Lynnwood
Maple Valley,WA,Washington,KING,Wilderness Village
Maple Valley,WA,Washington,KING,Maple Valley
Maple Valley,WA,Washington,KING,Four Corners
Medina,WA,Washington,KING,Medina
Mercer Island,WA,Washington,KING,Mercer Island
Kent,WA,Washington,KING,Covington
Kent,WA,Washington,KING,Lake Sawyer
Mountlake Terrace,WA,Washington,SNOHOMISH,Mountlake Terrace
Mountlake Terrace,WA,Washington,SNOHOMISH,Mountlake Ter
North Bend,WA,Washington,KING,Denny Creek
North Bend,WA,Washington,KING,North Bend
North Bend,WA,Washington,KING,Cedar Falls
Pacific,WA,Washington,KING,Auburn
Pacific,WA,Washington,KING,Pacific
Preston,WA,Washington,KING,Preston
Ravensdale,WA,Washington,KING,Kanaskat
Ravensdale,WA,Washington,KING,Palmer
Ravensdale,WA,Washington,KING,Ravensdale
Redmond,WA,Washington,KING,Adelaide
Redmond,WA,Washington,KING,Avondale
Redmond,WA,Washington,KING,Ames Lake
Redmond,WA,Washington,KING,Earlmount
Redmond,WA,Washington,KING,Redmond
Renton,WA,Washington,KING,Renton
Renton,WA,Washington,KING,Highlands
Renton,WA,Washington,KING,Newcastle
Renton,WA,Washington,KING,Hazelwood
Renton,WA,Washington,KING,Kennydale
Renton,WA,Washington,KING,Fairwood
Renton,WA,Washington,KING,Cascade
Rollingbay,WA,Washington,KITSAP,Manitou Beach
Rollingbay,WA,Washington,KITSAP,Rollingbay
Seahurst,WA,Washington,KING,Seahurst
Seahurst,WA,Washington,KING,Burien
Snoqualmie,WA,Washington,KING,Snoqualmie
Snoqualmie Pass,WA,Washington,KITTITAS,Alpental
Snoqualmie Pass,WA,Washington,KITTITAS,Hyak
Snoqualmie Pass,WA,Washington,KITTITAS,Snoqualmie Ps
Snoqualmie Pass,WA,Washington,KITTITAS,Snoqualmie Pass
Vashon,WA,Washington,KING,Dockton
Vashon,WA,Washington,KING,Vashon Island
Vashon,WA,Washington,KING,Vashon
Woodinville,WA,Washington,KING,Cottage Lake
Woodinville,WA,Washington,KING,Woodinville
Sammamish,WA,Washington,KING,Redmond
Sammamish,WA,Washington,KING,Sammamish
Sammamish,WA,Washington,KING,Issaquah
Mill Creek,WA,Washington,SNOHOMISH,Mill Creek
Mill Creek,WA,Washington,SNOHOMISH,Bothell
Seattle,WA,Washington,KING,Seattle
Seattle,WA,Washington,KING,Times Square
Seattle,WA,Washington,KING,Broadway
Seattle,WA,Washington,KING,Capitol Hill
Seattle,WA,Washington,KING,Wallingford
Seattle,WA,Washington,KING,Greenwood
Seattle,WA,Washington,KING,International
Seattle,WA,Washington,KING,Pioneer Square
Seattle,WA,Washington,KING,University
Seattle,WA,Washington,KING,White Center
Seattle,WA,Washington,KING,Ballard
Seattle,WA,Washington,KING,Tukwila
Seattle,WA,Washington,KING,Queen Anne
Bainbridge Island,WA,Washington,KITSAP,Bainbridge Is
Bainbridge Island,WA,Washington,KITSAP,Bainbridge Island
Bainbridge Island,WA,Washington,KITSAP,Seattle
Seattle,WA,Washington,KING,Madison Park
Seattle,WA,Washington,KING,Wedgwood
Seattle,WA,Washington,KING,Seattle Naval Support Activi
Seattle,WA,Washington,KING,West Seattle
Seattle,WA,Washington,KING,Crown Hill
Seattle,WA,Washington,KING,Columbia
Seattle,WA,Washington,KING,Interbay
Seattle,WA,Washington,KING,East Union
Seattle,WA,Washington,KING,Lake City
Seattle,WA,Washington,KING,Northgate
Seattle,WA,Washington,KING,Westwood Village
Seattle,WA,Washington,KING,Reg Lib Handicapped
Seattle,WA,Washington,KING,Richmond Highlands
Seattle,WA,Washington,KING,Shoreline
Seattle,WA,Washington,KING,Bitter Lake
Seattle,WA,Washington,KING,Westwood
Seattle,WA,Washington,KING,Beacon Hill
Seattle,WA,Washington,KING,Burien
Seattle,WA,Washington,KING,Shorewood
Seattle,WA,Washington,KING,Des Moines
Seattle,WA,Washington,KING,Seatac
Seattle,WA,Washington,KING,Normandy Park
Seattle,WA,Washington,KING,Lake Forest Park
Seattle,WA,Washington,KING,Forest Park
Seattle,WA,Washington,KING,Lk Forest Park
Seattle,WA,Washington,KING,North City
Seattle,WA,Washington,KING,Lk Forest Pk
Seattle,WA,Washington,KING,Seatac Airport
Seattle,WA,Washington,KING,Richmond Beach
Seattle,WA,Washington,KING,Amazon.com
Seattle,WA,Washington,KING,The Highlands
Seattle,WA,Washington,KING,Skyway
Seattle,WA,Washington,KING,Bryn Mawr
Seattle,WA,Washington,KING,Macys
Seattle,WA,Washington,KING,Safeco Plaza
Seattle,WA,Washington,KING,Duwamish
Seattle,WA,Washington,KING,Mcmicken Heights
Seattle,WA,Washington,KING,Riverton
Seattle,WA,Washington,KING,Diagnos Techs Inc Mrs
Seattle,WA,Washington,KING,Capital One
Seattle,WA,Washington,KING,Qwest
Seattle,WA,Washington,KING,Univ Of Washington
Seattle,WA,Washington,KING,Redondo Beach
Seattle,WA,Washington,KING,Magnolia
Seattle,WA,Washington,KING,Fort Lawton
Everett,WA,Washington,SNOHOMISH,Everett
Everett,WA,Washington,SNOHOMISH,Pinehurst
Everett,WA,Washington,SNOHOMISH,Lowell
Everett,WA,Washington,SNOHOMISH,Eastmont
Everett,WA,Washington,SNOHOMISH,Silver Lake
Everett,WA,Washington,SNOHOMISH,Naval Station Everett
Acme,WA,Washington,WHATCOM,Acme
Acme,WA,Washington,WHATCOM,Saxon
Anacortes,WA,Washington,SKAGIT,Decatur Island
Anacortes,WA,Washington,SKAGIT,Similk Beach
Anacortes,WA,Washington,SKAGIT,Guemes
Anacortes,WA,Washington,SKAGIT,Guemes Island
Anacortes,WA,Washington,SKAGIT,Anacortes
Blakely Island,WA,Washington,SAN JUAN,Blakely Island
Blakely Island,WA,Washington,SAN JUAN,Anacortes
Blakely Island,WA,Washington,SAN JUAN,Blakely Is
Arlington,WA,Washington,SNOHOMISH,Smokey Point
Arlington,WA,Washington,SNOHOMISH,Bryant
Arlington,WA,Washington,SNOHOMISH,Arlington
Arlington,WA,Washington,SNOHOMISH,Oso
Baring,WA,Washington,KING,Baring
Bellingham,WA,Washington,WHATCOM,Bellingham
Bellingham,WA,Washington,WHATCOM,Marietta
Bellingham,WA,Washington,WHATCOM,Chuckanut
Bellingham,WA,Washington,WHATCOM,Fairhaven
Bellingham,WA,Washington,WHATCOM,Bakerview
Bellingham,WA,Washington,WHATCOM,Silver Beach
Blaine,WA,Washington,WHATCOM,Birch Bay
Blaine,WA,Washington,WHATCOM,Blaine
Bow,WA,Washington,SKAGIT,Allen
Bow,WA,Washington,SKAGIT,Bow
Bow,WA,Washington,SKAGIT,Samish Island
Bow,WA,Washington,SKAGIT,Edison
Burlington,WA,Washington,SKAGIT,Upper Skagit Indian Reservat
Burlington,WA,Washington,SKAGIT,Burlington
Burlington,WA,Washington,SKAGIT,Alger
Clearlake,WA,Washington,SKAGIT,Clearlake
Clinton,WA,Washington,ISLAND,Clinton
Clinton,WA,Washington,ISLAND,Possession
Clinton,WA,Washington,ISLAND,Maxwelton
Concrete,WA,Washington,SKAGIT,Concrete
Conway,WA,Washington,SKAGIT,Conway
Coupeville,WA,Washington,ISLAND,Coupeville
Custer,WA,Washington,WHATCOM,Custer
Darrington,WA,Washington,SNOHOMISH,Darrington
Deer Harbor,WA,Washington,SAN JUAN,Deer Harbor
Deming,WA,Washington,WHATCOM,Deming
Deming,WA,Washington,WHATCOM,Nooksack Indian Reservation
Deming,WA,Washington,WHATCOM,Glacier
Deming,WA,Washington,WHATCOM,Welcome
Deming,WA,Washington,WHATCOM,Kendall
Eastsound,WA,Washington,SAN JUAN,Eastsound
Everson,WA,Washington,WHATCOM,Strandell
Everson,WA,Washington,WHATCOM,Van Buren
Everson,WA,Washington,WHATCOM,Everson
Ferndale,WA,Washington,WHATCOM,Pleasant Valley
Ferndale,WA,Washington,WHATCOM,Ferndale
Freeland,WA,Washington,ISLAND,Freeland
Friday Harbor,WA,Washington,SAN JUAN,San Juan Island
Friday Harbor,WA,Washington,SAN JUAN,Friday Harbor
Friday Harbor,WA,Washington,SAN JUAN,Roche Harbor
Gold Bar,WA,Washington,SNOHOMISH,Gold Bar
Granite Falls,WA,Washington,SNOHOMISH,Granite Falls
Greenbank,WA,Washington,ISLAND,Greenbank
Hamilton,WA,Washington,SKAGIT,Hamilton
Index,WA,Washington,SNOHOMISH,Index
La Conner,WA,Washington,SKAGIT,La Conner
Lake Stevens,WA,Washington,SNOHOMISH,Lake Stevens
Lake Stevens,WA,Washington,SNOHOMISH,Hartford
North Lakewood,WA,Washington,SNOHOMISH,North Lakewood
North Lakewood,WA,Washington,SNOHOMISH,N Lakewood
Langley,WA,Washington,ISLAND,Langley
Lopez Island,WA,Washington,SAN JUAN,Lopez Island
Lopez Island,WA,Washington,SAN JUAN,Port Stanley
Lummi Island,WA,Washington,WHATCOM,Lummi Island
Lyman,WA,Washington,SKAGIT,Lyman
Lynden,WA,Washington,WHATCOM,Lynden
Maple Falls,WA,Washington,WHATCOM,Maple Falls
Marblemount,WA,Washington,SKAGIT,Marblemount
Marysville,WA,Washington,SNOHOMISH,Marysville
Marysville,WA,Washington,SNOHOMISH,Tulalip
Monroe,WA,Washington,SNOHOMISH,Monroe
Monroe,WA,Washington,SNOHOMISH,Novelty
Mount Vernon,WA,Washington,SKAGIT,Mount Vernon
Mukilteo,WA,Washington,SNOHOMISH,Mukilteo
Nooksack,WA,Washington,WHATCOM,Nooksack
Nooksack,WA,Washington,WHATCOM,Everson
Oak Harbor,WA,Washington,ISLAND,Oak Harbor
Oak Harbor,WA,Washington,ISLAND,Ault Field
Oak Harbor,WA,Washington,ISLAND,Naval Air Station
Oak Harbor,WA,Washington,ISLAND,Nas Whidbey
Oak Harbor,WA,Washington,ISLAND,Whidbey Island Naval Air
Oak Harbor,WA,Washington,ISLAND,Whidbey Nas
Olga,WA,Washington,SAN JUAN,Doebay
Olga,WA,Washington,SAN JUAN,Olga
Orcas,WA,Washington,SAN JUAN,Orcas
Point Roberts,WA,Washington,WHATCOM,Point Roberts
Camano Island,WA,Washington,ISLAND,Stanwood
Camano Island,WA,Washington,ISLAND,Camano Island
Rockport,WA,Washington,SKAGIT,Rockport
Rockport,WA,Washington,SKAGIT,Diablo
Rockport,WA,Washington,SKAGIT,Newhalem
Sedro Woolley,WA,Washington,SKAGIT,Sedro Woolley
Shaw Island,WA,Washington,SAN JUAN,Shaw Island
Silvana,WA,Washington,SNOHOMISH,Silvana
Skykomish,WA,Washington,KING,Skykomish
Skykomish,WA,Washington,KING,Grotto
Skykomish,WA,Washington,KING,Scenic
Snohomish,WA,Washington,SNOHOMISH,Larimers Corner
Snohomish,WA,Washington,SNOHOMISH,Maltby
Snohomish,WA,Washington,SNOHOMISH,Snohomish
Snohomish,WA,Washington,SNOHOMISH,Machias
Snohomish,WA,Washington,SNOHOMISH,Clearview
Stanwood,WA,Washington,SNOHOMISH,Camano City
Stanwood,WA,Washington,SNOHOMISH,Elger Bay
Stanwood,WA,Washington,SNOHOMISH,Stanwood
Stanwood,WA,Washington,SNOHOMISH,Camano Island
Startup,WA,Washington,SNOHOMISH,Startup
Sultan,WA,Washington,SNOHOMISH,Sultan
Sumas,WA,Washington,WHATCOM,Clearbrook
Sumas,WA,Washington,WHATCOM,Sumas
Waldron,WA,Washington,SAN JUAN,Waldron
Anderson Island,WA,Washington,PIERCE,Anderson Is
Anderson Island,WA,Washington,PIERCE,Anderson Island
Anderson Island,WA,Washington,PIERCE,Yoman Ferry
Anderson Island,WA,Washington,PIERCE,Villa Beach
Ashford,WA,Washington,PIERCE,National
Ashford,WA,Washington,PIERCE,Ashford
Beaver,WA,Washington,CLALLAM,Beaver
Beaver,WA,Washington,CLALLAM,Sappho
Bremerton,WA,Washington,KITSAP,Crosby
Bremerton,WA,Washington,KITSAP,Brownsville
Bremerton,WA,Washington,KITSAP,Gilberton
Bremerton,WA,Washington,KITSAP,Meadowdale
Bremerton,WA,Washington,KITSAP,Bremerton
Bremerton,WA,Washington,KITSAP,Sheridan Park
Bremerton,WA,Washington,KITSAP,East Bremerton
Bremerton,WA,Washington,KITSAP,Chico
Bremerton,WA,Washington,KITSAP,Marine Drive
Bremerton,WA,Washington,KITSAP,West Park
Bremerton,WA,Washington,KITSAP,Camp Union
Bremerton,WA,Washington,KITSAP,Enetai
Bremerton,WA,Washington,KITSAP,Erlands Point
Bremerton,WA,Washington,KITSAP,Holly
Bremerton,WA,Washington,KITSAP,Wildcat Lake
Bremerton,WA,Washington,KITSAP,Kitsap Lake
Bremerton,WA,Washington,KITSAP,Navy Yard City
Bremerton,WA,Washington,KITSAP,Rocky Point
Bremerton,WA,Washington,KITSAP,Brem
Bremerton,WA,Washington,KITSAP,Puget Sound Naval Shipyard
Silverdale,WA,Washington,KITSAP,Silverdale
Silverdale,WA,Washington,KITSAP,Bangor
Silverdale,WA,Washington,KITSAP,Bangor Submarine Base
Brinnon,WA,Washington,JEFFERSON,Brinnon
Buckley,WA,Washington,PIERCE,Burnett
Buckley,WA,Washington,PIERCE,Buckley
Burley,WA,Washington,KITSAP,Burley
Carbonado,WA,Washington,PIERCE,Carbonado
Carlsborg,WA,Washington,CLALLAM,Carlsborg
Chimacum,WA,Washington,JEFFERSON,Shine
Chimacum,WA,Washington,JEFFERSON,Chimacum
Clallam Bay,WA,Washington,CLALLAM,Lake Ozette
Clallam Bay,WA,Washington,CLALLAM,Ozette
Clallam Bay,WA,Washington,CLALLAM,Clallam Bay
Dupont,WA,Washington,PIERCE,Dupont
Eatonville,WA,Washington,PIERCE,Alder
Eatonville,WA,Washington,PIERCE,Eatonville
Gig Harbor,WA,Washington,PIERCE,Gig Harbor
Elbe,WA,Washington,PIERCE,Elbe
Forks,WA,Washington,CLALLAM,Clearwater
Forks,WA,Washington,CLALLAM,Upper Hoh
Forks,WA,Washington,CLALLAM,Kalalock
Forks,WA,Washington,CLALLAM,Bogachiel
Forks,WA,Washington,CLALLAM,Queets
Forks,WA,Washington,CLALLAM,Forks
Fox Island,WA,Washington,PIERCE,Fox Is
Fox Island,WA,Washington,PIERCE,Fox Island
Fox Island,WA,Washington,PIERCE,Shorewood Beach
Fox Island,WA,Washington,PIERCE,Sylvan
Gig Harbor,WA,Washington,PIERCE,Key Center
Gig Harbor,WA,Washington,PIERCE,Pt Fosdick
Gig Harbor,WA,Washington,PIERCE,Raft Is
Gig Harbor,WA,Washington,PIERCE,Sunny Bay
Gig Harbor,WA,Washington,PIERCE,Cromwell
Gig Harbor,WA,Washington,PIERCE,Elgin
Gig Harbor,WA,Washington,PIERCE,Arletta
Gig Harbor,WA,Washington,PIERCE,Victor
Gig Harbor,WA,Washington,PIERCE,Wauna Shores
Gig Harbor,WA,Washington,PIERCE,Artondale
Gig Harbor,WA,Washington,PIERCE,Raft Island
Gig Harbor,WA,Washington,PIERCE,Sunrise Beach
Gig Harbor,WA,Washington,PIERCE,Warren
Gig Harbor,WA,Washington,PIERCE,Picnic Point
Gig Harbor,WA,Washington,PIERCE,Point Fosdick
Gig Harbor,WA,Washington,PIERCE,Shore Acres
Gig Harbor,WA,Washington,PIERCE,Wollochet
Gig Harbor,WA,Washington,PIERCE,Crescent Valley
Gig Harbor,WA,Washington,PIERCE,Glencove
Gig Harbor,WA,Washington,PIERCE,Purdy
Gig Harbor,WA,Washington,PIERCE,Rosedale
Glenoma,WA,Washington,LEWIS,Carriage Hill
Glenoma,WA,Washington,LEWIS,Kosmos
Glenoma,WA,Washington,LEWIS,Glenoma
Bremerton,WA,Washington,KITSAP,Gorst
Graham,WA,Washington,PIERCE,Harbor Heights
Graham,WA,Washington,PIERCE,Thrift
Graham,WA,Washington,PIERCE,Graham
Port Hadlock,WA,Washington,JEFFERSON,Hadlock
Port Hadlock,WA,Washington,JEFFERSON,Oak Bay
Port Hadlock,WA,Washington,JEFFERSON,Port Hadlock
Port Hadlock,WA,Washington,JEFFERSON,Irondale
Hansville,WA,Washington,KITSAP,Hansville
Indianola,WA,Washington,KITSAP,Indianola
Joyce,WA,Washington,CLALLAM,Crescent Beach
Joyce,WA,Washington,CLALLAM,Joyce
Joyce,WA,Washington,CLALLAM,Agate Beach
Joyce,WA,Washington,CLALLAM,Crane
Kapowsin,WA,Washington,PIERCE,Kapowsin
Keyport,WA,Washington,KITSAP,Keyport
Kingston,WA,Washington,KITSAP,Eglon
Kingston,WA,Washington,KITSAP,Kingston
La Grande,WA,Washington,PIERCE,La Grande
Lakebay,WA,Washington,PIERCE,Home
Lakebay,WA,Washington,PIERCE,Herron Island
Lakebay,WA,Washington,PIERCE,Herron Is
Lakebay,WA,Washington,PIERCE,Lakebay
La Push,WA,Washington,CLALLAM,La Push
Longbranch,WA,Washington,PIERCE,Lakebay
Longbranch,WA,Washington,PIERCE,Longbranch
Sumner,WA,Washington,PIERCE,Sumner
REI,WA,Washington,PIERCE,Rei
Sumner,WA,Washington,PIERCE,Recreational Equipment Inc
Manchester,WA,Washington,KITSAP,Manchester
Milton,WA,Washington,PIERCE,Milton
Mineral,WA,Washington,LEWIS,Carlson
Mineral,WA,Washington,LEWIS,Mineral
Morton,WA,Washington,LEWIS,Lindberg
Morton,WA,Washington,LEWIS,Morton
Neah Bay,WA,Washington,CLALLAM,Makah AFB
Neah Bay,WA,Washington,CLALLAM,Neah Bay
Neah Bay,WA,Washington,CLALLAM,Cape Flattery
Neah Bay,WA,Washington,CLALLAM,Tatoosh Island
Neah Bay,WA,Washington,CLALLAM,Tatoosh Is
Nordland,WA,Washington,JEFFERSON,Marrowstone Is
Nordland,WA,Washington,JEFFERSON,Indian Island
Nordland,WA,Washington,JEFFERSON,Marrowstone Island
Nordland,WA,Washington,JEFFERSON,Nordland
Nordland,WA,Washington,JEFFERSON,Fort Flagler
Nordland,WA,Washington,JEFFERSON,Ft Flagler
Nordland,WA,Washington,JEFFERSON,Indian Is
Olalla,WA,Washington,KITSAP,Olalla
Olalla,WA,Washington,KITSAP,Fragaria
Olalla,WA,Washington,KITSAP,Olalla Valley
Orting,WA,Washington,PIERCE,Orting
Orting,WA,Washington,PIERCE,Electron
Orting,WA,Washington,PIERCE,Ohop
Orting,WA,Washington,PIERCE,Crocker
Packwood,WA,Washington,LEWIS,Packwood
Port Angeles,WA,Washington,CLALLAM,Gales Addition
Port Angeles,WA,Washington,CLALLAM,Pt Angeles
Port Angeles,WA,Washington,CLALLAM,Mount Pleasant
Port Angeles,WA,Washington,CLALLAM,Lake Crescent
Port Angeles,WA,Washington,CLALLAM,Sol Duc Hot Springs
Port Angeles,WA,Washington,CLALLAM,Maple Grove
Port Angeles,WA,Washington,CLALLAM,Physt
Port Angeles,WA,Washington,CLALLAM,Agnew
Port Angeles,WA,Washington,CLALLAM,Fairholm
Port Angeles,WA,Washington,CLALLAM,Port Angeles
Port Angeles,WA,Washington,CLALLAM,Prt Angeles
Port Gamble,WA,Washington,KITSAP,Port Gamble
Port Gamble,WA,Washington,KITSAP,Little Boston
Port Ludlow,WA,Washington,JEFFERSON,Port Ludlow
Port Ludlow,WA,Washington,JEFFERSON,Port Hadlock
Port Orchard,WA,Washington,KITSAP,Fernwood
Port Orchard,WA,Washington,KITSAP,Long Lake
Port Orchard,WA,Washington,KITSAP,Lake Holiday
Port Orchard,WA,Washington,KITSAP,Orchard Heights
Port Orchard,WA,Washington,KITSAP,Waterman
Port Orchard,WA,Washington,KITSAP,Overlook
Port Orchard,WA,Washington,KITSAP,Parkwood
Port Orchard,WA,Washington,KITSAP,Pt Orchard
Port Orchard,WA,Washington,KITSAP,Colby
Port Orchard,WA,Washington,KITSAP,East Port Orchard
Port Orchard,WA,Washington,KITSAP,Horseshoe Lake
Port Orchard,WA,Washington,KITSAP,S Park Vil
Port Orchard,WA,Washington,KITSAP,Forest City
Port Orchard,WA,Washington,KITSAP,S Park Vlg
Port Orchard,WA,Washington,KITSAP,View Park
Port Orchard,WA,Washington,KITSAP,Wye Lake
Port Orchard,WA,Washington,KITSAP,South Park Village
Port Orchard,WA,Washington,KITSAP,Annapolis
Port Orchard,WA,Washington,KITSAP,Colchester
Port Orchard,WA,Washington,KITSAP,Sunnyslope
Port Orchard,WA,Washington,KITSAP,Wautauga Beach
Port Orchard,WA,Washington,KITSAP,Port Orchard
Port Orchard,WA,Washington,KITSAP,Harper
Port Townsend,WA,Washington,JEFFERSON,Beckett Point
Port Townsend,WA,Washington,JEFFERSON,Glen Cove
Port Townsend,WA,Washington,JEFFERSON,Townsend
Port Townsend,WA,Washington,JEFFERSON,Discovery Bay
Port Townsend,WA,Washington,JEFFERSON,Ft Worden
Port Townsend,WA,Washington,JEFFERSON,Protection Island
Port Townsend,WA,Washington,JEFFERSON,Fort Worden
Port Townsend,WA,Washington,JEFFERSON,Leland
Port Townsend,WA,Washington,JEFFERSON,Pt Townsend
Port Townsend,WA,Washington,JEFFERSON,Adelma Beach
Port Townsend,WA,Washington,JEFFERSON,Mats Mats
Port Townsend,WA,Washington,JEFFERSON,Protection Is
Port Townsend,WA,Washington,JEFFERSON,Port Townsend
Poulsbo,WA,Washington,KITSAP,Sandy Hook Park
Poulsbo,WA,Washington,KITSAP,Breidablick
Poulsbo,WA,Washington,KITSAP,Virginia
Poulsbo,WA,Washington,KITSAP,Lofall
Poulsbo,WA,Washington,KITSAP,Pearson
Poulsbo,WA,Washington,KITSAP,Lemolo
Poulsbo,WA,Washington,KITSAP,Poulsbo
Poulsbo,WA,Washington,KITSAP,Central Valley
Poulsbo,WA,Washington,KITSAP,Island Lake
Poulsbo,WA,Washington,KITSAP,Scandia
Puyallup,WA,Washington,PIERCE,Alderton
Puyallup,WA,Washington,PIERCE,Jovita
Puyallup,WA,Washington,PIERCE,Summit
Puyallup,WA,Washington,PIERCE,Firwood
Puyallup,WA,Washington,PIERCE,Edgewood
Puyallup,WA,Washington,PIERCE,Puy
Puyallup,WA,Washington,PIERCE,Maplewood
Puyallup,WA,Washington,PIERCE,Meeker
Puyallup,WA,Washington,PIERCE,Puyallup
Puyallup,WA,Washington,PIERCE,South Hill
Quilcene,WA,Washington,JEFFERSON,East Quilcene
Quilcene,WA,Washington,JEFFERSON,Center
Quilcene,WA,Washington,JEFFERSON,Quilcene
Quilcene,WA,Washington,JEFFERSON,Mount Walker
Quilcene,WA,Washington,JEFFERSON,Dabob
Randle,WA,Washington,LEWIS,Randle
Retsil,WA,Washington,KITSAP,Retsil
Seabeck,WA,Washington,KITSAP,Miami Beach
Seabeck,WA,Washington,KITSAP,Seabeck
Seabeck,WA,Washington,KITSAP,Maple Beach
Sekiu,WA,Washington,CLALLAM,Sekiu
Sekiu,WA,Washington,CLALLAM,Hoko
Sequim,WA,Washington,CLALLAM,Diamond Pt
Sequim,WA,Washington,CLALLAM,Dungeness
Sequim,WA,Washington,CLALLAM,Gardiner
Sequim,WA,Washington,CLALLAM,Sequim
Sequim,WA,Washington,CLALLAM,Blyn
Sequim,WA,Washington,CLALLAM,Diamond Point
Silverdale,WA,Washington,KITSAP,Olympic View
South Colby,WA,Washington,KITSAP,South Colby
South Prairie,WA,Washington,PIERCE,South Prairie
Southworth,WA,Washington,KITSAP,Southworth
Spanaway,WA,Washington,PIERCE,Elk Plain
Spanaway,WA,Washington,PIERCE,Spanaway
Spanaway,WA,Washington,PIERCE,Loveland
Spanaway,WA,Washington,PIERCE,Bethel
Steilacoom,WA,Washington,PIERCE,Ketron Island
Steilacoom,WA,Washington,PIERCE,Ketron Is
Steilacoom,WA,Washington,PIERCE,Mcneil Island
Steilacoom,WA,Washington,PIERCE,Steilacoom
Sumner,WA,Washington,PIERCE,Dieringer
Sumner,WA,Washington,PIERCE,Edgewood
Bonney Lake,WA,Washington,PIERCE,Inlet Island
Bonney Lake,WA,Washington,PIERCE,Lake Tapps
Bonney Lake,WA,Washington,PIERCE,Ponderosa Estates
Bonney Lake,WA,Washington,PIERCE,Prairie Ridge
Bonney Lake,WA,Washington,PIERCE,Tapps Island
Bonney Lake,WA,Washington,PIERCE,Sumner
Bonney Lake,WA,Washington,PIERCE,Snag Island
Bonney Lake,WA,Washington,PIERCE,Driftwood
Bonney Lake,WA,Washington,PIERCE,Rhododendron Park
Bonney Lake,WA,Washington,PIERCE,Cedarview
Bonney Lake,WA,Washington,PIERCE,Bonney Lake
Bonney Lake,WA,Washington,PIERCE,Bonney Lk
Bonney Lake,WA,Washington,PIERCE,Lakeridge
Suquamish,WA,Washington,KITSAP,Suquamish
Tracyton,WA,Washington,KITSAP,Tracyton
Vaughn,WA,Washington,PIERCE,Vaughn
Wauna,WA,Washington,PIERCE,Wauna
Wilkeson,WA,Washington,PIERCE,Wilkeson
Longmire,WA,Washington,PIERCE,Longmire
Paradise Inn,WA,Washington,PIERCE,Paradise Inn
Paradise Inn,WA,Washington,PIERCE,Paradise
Tacoma,WA,Washington,PIERCE,Tacoma
Tacoma,WA,Washington,PIERCE,Ruston
Tacoma,WA,Washington,PIERCE,Lakewood
Tacoma,WA,Washington,PIERCE,University Of Puget Sound
Tacoma,WA,Washington,PIERCE,Browns Point
Tacoma,WA,Washington,PIERCE,Dash Point
Tacoma,WA,Washington,PIERCE,Fife
Camp Murray,WA,Washington,PIERCE,Camp Murray Natl Guard
Camp Murray,WA,Washington,PIERCE,Camp Murray
Camp Murray,WA,Washington,PIERCE,Tacoma
Tacoma,WA,Washington,PIERCE,Joint Base Lewis Mcchord
Tacoma,WA,Washington,PIERCE,Lewis Mcchord
Tacoma,WA,Washington,PIERCE,Madigan Hosp
Tacoma,WA,Washington,PIERCE,Madigan Hospital
Tacoma,WA,Washington,PIERCE,Jb Lewis Mcchord
JBLM,WA,Washington,PIERCE,Jblm
Tacoma,WA,Washington,PIERCE,Madigan Army Medical Center
Tacoma,WA,Washington,PIERCE,Ft Lewis
Tacoma,WA,Washington,PIERCE,Fort Lewis
Mcchord AFB,WA,Washington,PIERCE,Joint Base Lewis Mcchord
Mcchord AFB,WA,Washington,PIERCE,Lewis Mcchord
Mcchord AFB,WA,Washington,PIERCE,Jb Lewis Mcchord
Mcchord AFB,WA,Washington,PIERCE,Tacoma
Mcchord AFB,WA,Washington,PIERCE,Mcchord AFB
Lakewood,WA,Washington,PIERCE,Joint Base Lewis Mcchord
Lakewood,WA,Washington,PIERCE,Lakewood
Lakewood,WA,Washington,PIERCE,Mc Chord AFB
Lakewood,WA,Washington,PIERCE,Tacoma
Lakewood,WA,Washington,PIERCE,Jb Lewis Mcchord
Lakewood,WA,Washington,PIERCE,Lewis Mcchord
Lakewood,WA,Washington,PIERCE,Mcchord AFB
Tacoma,WA,Washington,PIERCE,Parkland
Tacoma,WA,Washington,PIERCE,Pacific Lutheran University
Tacoma,WA,Washington,PIERCE,University Place
Tacoma,WA,Washington,PIERCE,University Pl
Tacoma,WA,Washington,PIERCE,Fircrest
University Place,WA,Washington,PIERCE,University Place
University Place,WA,Washington,PIERCE,Tacoma
University Place,WA,Washington,PIERCE,University Pl
Tacoma,WA,Washington,PIERCE,World Vision Brm
Tacoma,WA,Washington,PIERCE,World Vision
Tacoma,WA,Washington,PIERCE,Veterans Hospital
Lakewood,WA,Washington,PIERCE,Oakbrook
Lakewood,WA,Washington,PIERCE,Fort Steilacoom
Olympia,WA,Washington,THURSTON,Tumwater
Olympia,WA,Washington,THURSTON,Nisqually
Olympia,WA,Washington,THURSTON,South Bay
Olympia,WA,Washington,THURSTON,Union Mills
Olympia,WA,Washington,THURSTON,Olympia
Olympia,WA,Washington,THURSTON,Boston Harbor
Olympia,WA,Washington,THURSTON,Oly
Olympia,WA,Washington,THURSTON,Schneiders Prairie
Olympia,WA,Washington,THURSTON,Maytown
Olympia,WA,Washington,THURSTON,South Sound
Olympia,WA,Washington,THURSTON,Thompson Place
Olympia,WA,Washington,THURSTON,Offutt Lake
Lacey,WA,Washington,THURSTON,Olympia
Lacey,WA,Washington,THURSTON,Lacey
Olympia,WA,Washington,THURSTON,Washington State Department
Olympia,WA,Washington,THURSTON,Evergreen State College
Olympia,WA,Washington,THURSTON,Lacey
Tumwater,WA,Washington,THURSTON,Olympia
Tumwater,WA,Washington,THURSTON,Tumwater
Aberdeen,WA,Washington,GRAYS HARBOR,Aberdeen Gardens
Aberdeen,WA,Washington,GRAYS HARBOR,Bay City
Aberdeen,WA,Washington,GRAYS HARBOR,Aberdeen
Aberdeen,WA,Washington,GRAYS HARBOR,Wishkah
Aberdeen,WA,Washington,GRAYS HARBOR,Central Park
Aberdeen,WA,Washington,GRAYS HARBOR,Junction City
Aberdeen,WA,Washington,GRAYS HARBOR,Markham
Aberdeen,WA,Washington,GRAYS HARBOR,Ocosta
Aberdeen,WA,Washington,GRAYS HARBOR,South Aberdeen
Aberdeen,WA,Washington,GRAYS HARBOR,Bench Drive
Adna,WA,Washington,LEWIS,Adna
Allyn,WA,Washington,MASON,Allyn
Amanda Park,WA,Washington,GRAYS HARBOR,Amanda Park
Bay Center,WA,Washington,PACIFIC,Bay Center
Belfair,WA,Washington,MASON,Belfair
Bucoda,WA,Washington,THURSTON,Bucoda
Centralia,WA,Washington,LEWIS,Fords Prairie
Centralia,WA,Washington,LEWIS,Grand Mound
Centralia,WA,Washington,LEWIS,Waunch Prairie
Centralia,WA,Washington,LEWIS,Centralia
Chehalis,WA,Washington,LEWIS,Claquato
Chehalis,WA,Washington,LEWIS,Napavine
Chehalis,WA,Washington,LEWIS,Boistfort
Chehalis,WA,Washington,LEWIS,Forest
Chehalis,WA,Washington,LEWIS,Ceres
Chehalis,WA,Washington,LEWIS,Dryad
Chehalis,WA,Washington,LEWIS,Littell
Chehalis,WA,Washington,LEWIS,Bunker
Chehalis,WA,Washington,LEWIS,Newaukum
Chehalis,WA,Washington,LEWIS,Guerrier
Chehalis,WA,Washington,LEWIS,Chehalis
Chehalis,WA,Washington,LEWIS,Marys Corner
Cinebar,WA,Washington,LEWIS,Cinebar
Copalis Beach,WA,Washington,GRAYS HARBOR,Copalis Beach
Copalis Crossing,WA,Washington,GRAYS HARBOR,Copalis Crossing
Copalis Crossing,WA,Washington,GRAYS HARBOR,Carlisle
Copalis Crossing,WA,Washington,GRAYS HARBOR,Copalis Xing
Cosmopolis,WA,Washington,GRAYS HARBOR,Cosmopolis
Curtis,WA,Washington,LEWIS,Klaber
Curtis,WA,Washington,LEWIS,Wildwood
Curtis,WA,Washington,LEWIS,Curtis
Curtis,WA,Washington,LEWIS,Kalber
Doty,WA,Washington,LEWIS,Doty
East Olympia,WA,Washington,THURSTON,East Olympia
East Olympia,WA,Washington,THURSTON,Kellys Korner
Elma,WA,Washington,GRAYS HARBOR,Elma
Elma,WA,Washington,GRAYS HARBOR,Saginaw
Elma,WA,Washington,GRAYS HARBOR,Deckerville
Elma,WA,Washington,GRAYS HARBOR,Whites
Elma,WA,Washington,GRAYS HARBOR,South Elma
Ethel,WA,Washington,LEWIS,Ethel
Galvin,WA,Washington,LEWIS,Galvin
Grapeview,WA,Washington,MASON,Grapeview
Grayland,WA,Washington,GRAYS HARBOR,Heather
Grayland,WA,Washington,GRAYS HARBOR,Grayland
Hoodsport,WA,Washington,MASON,Hoodsport
Hoodsport,WA,Washington,MASON,Cushman Dam
Hoquiam,WA,Washington,GRAYS HARBOR,Newton
Hoquiam,WA,Washington,GRAYS HARBOR,New London
Hoquiam,WA,Washington,GRAYS HARBOR,Grays Harbor City
Hoquiam,WA,Washington,GRAYS HARBOR,Woodlawn
Hoquiam,WA,Washington,GRAYS HARBOR,Nisson
Hoquiam,WA,Washington,GRAYS HARBOR,Hoquiam
Hoquiam,WA,Washington,GRAYS HARBOR,Chenois Creek
Hoquiam,WA,Washington,GRAYS HARBOR,Gray Gables
Hoquiam,WA,Washington,GRAYS HARBOR,Oyhat
Humptulips,WA,Washington,GRAYS HARBOR,Humptulips
Lebam,WA,Washington,PACIFIC,Lebam
Lilliwaup,WA,Washington,MASON,Eldon
Lilliwaup,WA,Washington,MASON,Lilliwaup
Littlerock,WA,Washington,THURSTON,Littlerock
Mccleary,WA,Washington,GRAYS HARBOR,Garden City
Mccleary,WA,Washington,GRAYS HARBOR,Hillgrove
Mccleary,WA,Washington,GRAYS HARBOR,Mccleary
Mccleary,WA,Washington,GRAYS HARBOR,Mc Cleary
Mckenna,WA,Washington,PIERCE,Mckenna
Mckenna,WA,Washington,PIERCE,Mc Kenna
Malone,WA,Washington,GRAYS HARBOR,Malone
Matlock,WA,Washington,MASON,Matlock
Menlo,WA,Washington,PACIFIC,Menlo
Moclips,WA,Washington,GRAYS HARBOR,Moclips
Montesano,WA,Washington,GRAYS HARBOR,Montesano
Montesano,WA,Washington,GRAYS HARBOR,Alder Grove
Montesano,WA,Washington,GRAYS HARBOR,Brady
Montesano,WA,Washington,GRAYS HARBOR,Grisdale
Montesano,WA,Washington,GRAYS HARBOR,Melbourne
Montesano,WA,Washington,GRAYS HARBOR,Preachers Slough
Montesano,WA,Washington,GRAYS HARBOR,South Montesano
Mossyrock,WA,Washington,LEWIS,Mossyrock
Mossyrock,WA,Washington,LEWIS,Ajlune
Napavine,WA,Washington,LEWIS,Napavine
Neilton,WA,Washington,GRAYS HARBOR,Neilton
Oakville,WA,Washington,GRAYS HARBOR,Cedarville
Oakville,WA,Washington,GRAYS HARBOR,Gibson Creek
Oakville,WA,Washington,GRAYS HARBOR,Oakville
Ocean Shores,WA,Washington,GRAYS HARBOR,Ocean Shores
Ocean Shores,WA,Washington,GRAYS HARBOR,Ocean City
Onalaska,WA,Washington,LEWIS,Alpha
Onalaska,WA,Washington,LEWIS,Onalaska
Onalaska,WA,Washington,LEWIS,Lacamas
Pacific Beach,WA,Washington,GRAYS HARBOR,Pacific Beach
Pacific Beach,WA,Washington,GRAYS HARBOR,Aloha
Pe Ell,WA,Washington,LEWIS,Pe Ell
Pe Ell,WA,Washington,LEWIS,Peell
Quinault,WA,Washington,GRAYS HARBOR,Quinault
Rainier,WA,Washington,THURSTON,Vail
Rainier,WA,Washington,THURSTON,Rainier
Raymond,WA,Washington,PACIFIC,Old Willapa
Raymond,WA,Washington,PACIFIC,Frances
Raymond,WA,Washington,PACIFIC,Willapa
Raymond,WA,Washington,PACIFIC,Raymond
Raymond,WA,Washington,PACIFIC,Firdale
Raymond,WA,Washington,PACIFIC,Holcomb
Rochester,WA,Washington,THURSTON,Gate
Rochester,WA,Washington,THURSTON,Rochester
Roy,WA,Washington,PIERCE,Roy
Ryderwood,WA,Washington,COWLITZ,Ryderwood
Salkum,WA,Washington,LEWIS,Salkum
Satsop,WA,Washington,GRAYS HARBOR,Satsop
Shelton,WA,Washington,MASON,Kamilche
Shelton,WA,Washington,MASON,Skokomish Nation
Shelton,WA,Washington,MASON,Shelton
Shelton,WA,Washington,MASON,Skok
Shelton,WA,Washington,MASON,Harstine
Shelton,WA,Washington,MASON,Skokomish
Silver Creek,WA,Washington,LEWIS,Harmony
Silver Creek,WA,Washington,LEWIS,Silver Creek
South Bend,WA,Washington,PACIFIC,South Bend
South Bend,WA,Washington,PACIFIC,Nemah
Taholah,WA,Washington,GRAYS HARBOR,Taholah
Tahuya,WA,Washington,MASON,Tahuya
Tenino,WA,Washington,THURSTON,Tenino
Tokeland,WA,Washington,PACIFIC,North Cove
Tokeland,WA,Washington,PACIFIC,Tokeland
Toledo,WA,Washington,LEWIS,Knab
Toledo,WA,Washington,LEWIS,Toledo
Union,WA,Washington,MASON,Union
Vader,WA,Washington,LEWIS,Vader
Westport,WA,Washington,GRAYS HARBOR,Cohasset Beach
Westport,WA,Washington,GRAYS HARBOR,Westport
Winlock,WA,Washington,LEWIS,Evaline
Winlock,WA,Washington,LEWIS,Saint Urbans
Winlock,WA,Washington,LEWIS,Winlock
Yelm,WA,Washington,THURSTON,Yelm
Olympia,WA,Washington,THURSTON,Olympia Brm
Amboy,WA,Washington,CLARK,Amboy
Amboy,WA,Washington,CLARK,Chelatchie
Appleton,WA,Washington,KLICKITAT,Appleton
Ariel,WA,Washington,COWLITZ,Ariel
Ariel,WA,Washington,COWLITZ,Yale
Battle Ground,WA,Washington,CLARK,Battle Ground
Battle Ground,WA,Washington,CLARK,Battleground
Bingen,WA,Washington,KLICKITAT,Cook
Bingen,WA,Washington,KLICKITAT,Bingen
Brush Prairie,WA,Washington,CLARK,Brush Prairie
Camas,WA,Washington,CLARK,Camas
Carrolls,WA,Washington,COWLITZ,Carrolls
Carson,WA,Washington,SKAMANIA,Carson
Castle Rock,WA,Washington,COWLITZ,Castle Rock
Cathlamet,WA,Washington,WAHKIAKUM,Cathlamet
Cathlamet,WA,Washington,WAHKIAKUM,Puget Island
Centerville,WA,Washington,KLICKITAT,Centerville
Chinook,WA,Washington,PACIFIC,Chinook
Cougar,WA,Washington,COWLITZ,Cougar
Dallesport,WA,Washington,KLICKITAT,Dallesport
Glenwood,WA,Washington,KLICKITAT,Glenwood
Goldendale,WA,Washington,KLICKITAT,Goldendale
Goldendale,WA,Washington,KLICKITAT,Maryhill
Grays River,WA,Washington,WAHKIAKUM,Grays River
Heisson,WA,Washington,CLARK,Heisson
Husum,WA,Washington,KLICKITAT,Husum
Ilwaco,WA,Washington,PACIFIC,Ilwaco
Kalama,WA,Washington,COWLITZ,Kalama
Kelso,WA,Washington,COWLITZ,Kelso
Klickitat,WA,Washington,KLICKITAT,Klickitat
La Center,WA,Washington,CLARK,La Center
Long Beach,WA,Washington,PACIFIC,Long Beach
Long Beach,WA,Washington,PACIFIC,Oceanside
Longview,WA,Washington,COWLITZ,Longview
Lyle,WA,Washington,KLICKITAT,Lyle
Nahcotta,WA,Washington,PACIFIC,Nahcotta
Naselle,WA,Washington,PACIFIC,Naselle
North Bonneville,WA,Washington,SKAMANIA,N Bonneville
North Bonneville,WA,Washington,SKAMANIA,North Bonneville
Ocean Park,WA,Washington,PACIFIC,Ocean Park
Oysterville,WA,Washington,PACIFIC,Oysterville
Ridgefield,WA,Washington,CLARK,Ridgefield
Rosburg,WA,Washington,WAHKIAKUM,Rosburg
Seaview,WA,Washington,PACIFIC,Seaview
Silverlake,WA,Washington,COWLITZ,Silverlake
Skamokawa,WA,Washington,WAHKIAKUM,Skamokawa
Stevenson,WA,Washington,SKAMANIA,Stevenson
Stevenson,WA,Washington,SKAMANIA,Skamania
Toutle,WA,Washington,COWLITZ,Toutle
Trout Lake,WA,Washington,KLICKITAT,Trout Lake
Trout Lake,WA,Washington,KLICKITAT,Troutlake
Underwood,WA,Washington,SKAMANIA,Underwood
Vancouver,WA,Washington,CLARK,Vancouver
Vancouver,WA,Washington,CLARK,Orchards
Wahkiacus,WA,Washington,KLICKITAT,Wahkiacus
Wahkiacus,WA,Washington,KLICKITAT,Klickitat
Washougal,WA,Washington,CLARK,Washougal
White Salmon,WA,Washington,KLICKITAT,White Salmon
Wishram,WA,Washington,KLICKITAT,Wishram
Woodland,WA,Washington,COWLITZ,Woodland
Yacolt,WA,Washington,CLARK,Yacolt
Wenatchee,WA,Washington,CHELAN,Mission Square
Wenatchee,WA,Washington,CHELAN,Appleyard
Wenatchee,WA,Washington,CHELAN,Wenatchee Heights
Wenatchee,WA,Washington,CHELAN,West Wenatchee
Wenatchee,WA,Washington,CHELAN,Kenroy
Wenatchee,WA,Washington,CHELAN,Grant Road Addition
Wenatchee,WA,Washington,CHELAN,Pearcot
Wenatchee,WA,Washington,CHELAN,Wenatchee
East Wenatchee,WA,Washington,DOUGLAS,E Wenatchee
East Wenatchee,WA,Washington,DOUGLAS,Wenatchee
East Wenatchee,WA,Washington,DOUGLAS,East Wenatchee
Ardenvoir,WA,Washington,CHELAN,Ardenvoir
Brewster,WA,Washington,OKANOGAN,Brewster
Brewster,WA,Washington,OKANOGAN,Rocky Butte
Brewster,WA,Washington,OKANOGAN,Monse
Bridgeport,WA,Washington,DOUGLAS,Bridgeport
Carlton,WA,Washington,OKANOGAN,Carlton
Cashmere,WA,Washington,CHELAN,Cashmere
Chelan,WA,Washington,CHELAN,Chelan
Chelan,WA,Washington,CHELAN,Holden Village
Chelan,WA,Washington,CHELAN,Lakeside
Chelan,WA,Washington,CHELAN,Lucerne
Chelan Falls,WA,Washington,CHELAN,Chelan Falls
Conconully,WA,Washington,OKANOGAN,Conconully
Dryden,WA,Washington,CHELAN,Dryden
Entiat,WA,Washington,CHELAN,Entiat
Ephrata,WA,Washington,GRANT,Ephrata
George,WA,Washington,GRANT,George
Leavenworth,WA,Washington,CHELAN,Merritt
Leavenworth,WA,Washington,CHELAN,Chumstick
Leavenworth,WA,Washington,CHELAN,Winton
Leavenworth,WA,Washington,CHELAN,Blewett
Leavenworth,WA,Washington,CHELAN,Leavenworth
Leavenworth,WA,Washington,CHELAN,Telma
Leavenworth,WA,Washington,CHELAN,Plain
Loomis,WA,Washington,OKANOGAN,Loomis
Malaga,WA,Washington,CHELAN,Malaga
Malott,WA,Washington,OKANOGAN,Malott
Mansfield,WA,Washington,DOUGLAS,Mansfield
Manson,WA,Washington,CHELAN,Manson
Marlin,WA,Washington,GRANT,Marlin
Marlin,WA,Washington,GRANT,Krupp
Marlin,WA,Washington,GRANT,Ruff
Mazama,WA,Washington,OKANOGAN,Mazama
Methow,WA,Washington,OKANOGAN,Methow
Monitor,WA,Washington,CHELAN,Monitor
Moses Lake,WA,Washington,GRANT,Raugust
Moses Lake,WA,Washington,GRANT,Moses Lake
Moses Lake,WA,Washington,GRANT,Mae
Moses Lake,WA,Washington,GRANT,Wheeler
Okanogan,WA,Washington,OKANOGAN,Okanogan
Omak,WA,Washington,OKANOGAN,Disautel
Omak,WA,Washington,OKANOGAN,Omak
Orondo,WA,Washington,DOUGLAS,Orondo
Oroville,WA,Washington,OKANOGAN,Oroville
Oroville,WA,Washington,OKANOGAN,Chesaw
Oroville,WA,Washington,OKANOGAN,Molson
Palisades,WA,Washington,DOUGLAS,Palisades
Pateros,WA,Washington,OKANOGAN,Pateros
Pateros,WA,Washington,OKANOGAN,Azwell
Peshastin,WA,Washington,CHELAN,Peshastin
Quincy,WA,Washington,GRANT,George
Quincy,WA,Washington,GRANT,Winchester
Quincy,WA,Washington,GRANT,Quincy
Quincy,WA,Washington,GRANT,Trinidad
Riverside,WA,Washington,OKANOGAN,Synarep
Riverside,WA,Washington,OKANOGAN,Riverside
Rock Island,WA,Washington,DOUGLAS,Rock Island
Soap Lake,WA,Washington,GRANT,Adco
Soap Lake,WA,Washington,GRANT,Adrian
Soap Lake,WA,Washington,GRANT,Soap Lake
Soap Lake,WA,Washington,GRANT,Lakeview Park
Stehekin,WA,Washington,CHELAN,Stehekin
Stratford,WA,Washington,GRANT,Stratford
Tonasket,WA,Washington,OKANOGAN,Aeneas
Tonasket,WA,Washington,OKANOGAN,Ellisford
Tonasket,WA,Washington,OKANOGAN,Havillah
Tonasket,WA,Washington,OKANOGAN,Tonasket
Tonasket,WA,Washington,OKANOGAN,Nighthawk
Twisp,WA,Washington,OKANOGAN,Twisp
Warden,WA,Washington,GRANT,Warden
Waterville,WA,Washington,DOUGLAS,Douglas
Waterville,WA,Washington,DOUGLAS,Farmer
Waterville,WA,Washington,DOUGLAS,Withrow
Waterville,WA,Washington,DOUGLAS,Waterville
Wauconda,WA,Washington,OKANOGAN,Wauconda
Wauconda,WA,Washington,OKANOGAN,Bodie
Wilson Creek,WA,Washington,GRANT,Wilson Creek
Winthrop,WA,Washington,OKANOGAN,Winthrop
Yakima,WA,Washington,YAKIMA,Union Gap
Yakima,WA,Washington,YAKIMA,Yakima
Yakima,WA,Washington,YAKIMA,East Selah
Yakima,WA,Washington,YAKIMA,Yakima Firing Center
Yakima,WA,Washington,YAKIMA,Sumach
Yakima,WA,Washington,YAKIMA,West Side
Yakima,WA,Washington,YAKIMA,Tampico
Yakima,WA,Washington,YAKIMA,Weikel
Yakima,WA,Washington,YAKIMA,Fruitvale
Yakima,WA,Washington,YAKIMA,Pomona
Yakima,WA,Washington,YAKIMA,Ahtanum
Yakima,WA,Washington,YAKIMA,Harwood
Yakima,WA,Washington,YAKIMA,South Broadway
Yakima,WA,Washington,YAKIMA,Fairview
Yakima,WA,Washington,YAKIMA,Gleed
Brownstown,WA,Washington,YAKIMA,Brownstown
Buena,WA,Washington,YAKIMA,Buena
Cle Elum,WA,Washington,KITTITAS,Liberty
Cle Elum,WA,Washington,KITTITAS,Cle Elum
Cle Elum,WA,Washington,KITTITAS,Suncadia
Cle Elum,WA,Washington,KITTITAS,Teanaway
Cowiche,WA,Washington,YAKIMA,Cowiche
Easton,WA,Washington,KITTITAS,Easton
Ellensburg,WA,Washington,KITTITAS,Thrali
Ellensburg,WA,Washington,KITTITAS,Ellensburg
Grandview,WA,Washington,YAKIMA,Grandview
Granger,WA,Washington,YAKIMA,Granger
Harrah,WA,Washington,YAKIMA,Harrah
Kittitas,WA,Washington,KITTITAS,Kittitas
Mabton,WA,Washington,YAKIMA,Mabton
Moxee,WA,Washington,YAKIMA,Moxee City
Moxee,WA,Washington,YAKIMA,Moxee
Naches,WA,Washington,YAKIMA,Rimrock
Naches,WA,Washington,YAKIMA,White Pass
Naches,WA,Washington,YAKIMA,Goose Prairie
Naches,WA,Washington,YAKIMA,Cliffdell
Naches,WA,Washington,YAKIMA,Nile
Naches,WA,Washington,YAKIMA,Naches
Outlook,WA,Washington,YAKIMA,Outlook
Parker,WA,Washington,YAKIMA,Parker
Ronald,WA,Washington,KITTITAS,Ronald
Roslyn,WA,Washington,KITTITAS,Rocklyn
Roslyn,WA,Washington,KITTITAS,Roslyn
Selah,WA,Washington,YAKIMA,Selah
South Cle Elum,WA,Washington,KITTITAS,S Cle Elum
South Cle Elum,WA,Washington,KITTITAS,South Cle Elum
Sunnyside,WA,Washington,YAKIMA,Sunnyside
Thorp,WA,Washington,KITTITAS,Thorp
Tieton,WA,Washington,YAKIMA,Tieton
Toppenish,WA,Washington,YAKIMA,Toppenish
Vantage,WA,Washington,KITTITAS,Doris
Vantage,WA,Washington,KITTITAS,Vantage
Vantage,WA,Washington,KITTITAS,Ellensburg
Wapato,WA,Washington,YAKIMA,Wapato
Wapato,WA,Washington,YAKIMA,Donald
Wapato,WA,Washington,YAKIMA,Sawyer
White Swan,WA,Washington,YAKIMA,White Swan
Zillah,WA,Washington,YAKIMA,Zillah
Airway Heights,WA,Washington,SPOKANE,Airway Heights
Airway Heights,WA,Washington,SPOKANE,Airway Hgts
Chattaroy,WA,Washington,SPOKANE,Chattaroy
Chattaroy,WA,Washington,SPOKANE,Milan
Cheney,WA,Washington,SPOKANE,Cheney
Cheney,WA,Washington,SPOKANE,Tyler
Cheney,WA,Washington,SPOKANE,Amber
Colbert,WA,Washington,SPOKANE,Colbert
Deer Park,WA,Washington,SPOKANE,Deer Park
Edwall,WA,Washington,LINCOLN,Edwall
Elk,WA,Washington,SPOKANE,Elk
Fairchild Air Force Base,WA,Washington,SPOKANE,Fairchild AFB
Fairchild Air Force Base,WA,Washington,SPOKANE,Fairchild Air Force Base
Fairfield,WA,Washington,SPOKANE,Fairfield
Ford,WA,Washington,STEVENS,Ford
Four Lakes,WA,Washington,SPOKANE,Four Lakes
Greenacres,WA,Washington,SPOKANE,Spo Valley
Greenacres,WA,Washington,SPOKANE,Spokane Valley
Greenacres,WA,Washington,SPOKANE,Spokane Vly
Greenacres,WA,Washington,SPOKANE,Greenacres
Greenacres,WA,Washington,SPOKANE,Liberty Lake
Lamont,WA,Washington,WHITMAN,Sprague
Lamont,WA,Washington,WHITMAN,Lamont
Latah,WA,Washington,SPOKANE,Latah
Liberty Lake,WA,Washington,SPOKANE,Liberty Lake
Marshall,WA,Washington,SPOKANE,Marshall
Mead,WA,Washington,SPOKANE,Mead
Mead,WA,Washington,SPOKANE,Green Bluff
Medical Lake,WA,Washington,SPOKANE,Espanola
Medical Lake,WA,Washington,SPOKANE,Medical Lake
Mica,WA,Washington,SPOKANE,Mica
Mica,WA,Washington,SPOKANE,Valleyford
Newman Lake,WA,Washington,SPOKANE,East Farms
Newman Lake,WA,Washington,SPOKANE,Newman Lake
Nine Mile Falls,WA,Washington,SPOKANE,Nine Mile Fls
Nine Mile Falls,WA,Washington,SPOKANE,Nine Mile Falls
Otis Orchards,WA,Washington,SPOKANE,City Of Spokane Valley
Otis Orchards,WA,Washington,SPOKANE,Otis Orchards
Otis Orchards,WA,Washington,SPOKANE,Spokane Valley
Otis Orchards,WA,Washington,SPOKANE,Spokane Vly
Reardan,WA,Washington,LINCOLN,Reardan
Rockford,WA,Washington,SPOKANE,Rockford
Spangle,WA,Washington,SPOKANE,Spangle
Sprague,WA,Washington,LINCOLN,Sprague
Tekoa,WA,Washington,WHITMAN,Tekoa
Tumtum,WA,Washington,STEVENS,Tumtum
Tumtum,WA,Washington,STEVENS,Tum Tum
Valleyford,WA,Washington,SPOKANE,Valleyford
Veradale,WA,Washington,SPOKANE,City Of Spokane Valley
Veradale,WA,Washington,SPOKANE,Spokane Valley
Veradale,WA,Washington,SPOKANE,Spokane Vly
Veradale,WA,Washington,SPOKANE,Veradale
Waverly,WA,Washington,SPOKANE,Waverly
Wellpinit,WA,Washington,STEVENS,Wellpinit
Addy,WA,Washington,STEVENS,Addy
Albion,WA,Washington,WHITMAN,Albion
Almira,WA,Washington,LINCOLN,Almira
Belmont,WA,Washington,WHITMAN,Farmington
Belmont,WA,Washington,WHITMAN,Belmont
Benge,WA,Washington,ADAMS,Benge
Boyds,WA,Washington,FERRY,Kettle Falls
Boyds,WA,Washington,FERRY,Boyds
Chewelah,WA,Washington,STEVENS,Chewelah
Clayton,WA,Washington,STEVENS,Clayton
Colfax,WA,Washington,WHITMAN,Colfax
Colfax,WA,Washington,WHITMAN,Diamond
Colton,WA,Washington,WHITMAN,Colton
Colville,WA,Washington,STEVENS,Colville
Coulee City,WA,Washington,GRANT,Coulee City
Coulee Dam,WA,Washington,OKANOGAN,Mason City
Coulee Dam,WA,Washington,OKANOGAN,Coulee Dam
Creston,WA,Washington,LINCOLN,Creston
Curlew,WA,Washington,FERRY,Curlew
Cusick,WA,Washington,PEND OREILLE,Cusick
Danville,WA,Washington,FERRY,Danville
Davenport,WA,Washington,LINCOLN,Seven Bays
Davenport,WA,Washington,LINCOLN,Deer Meadows
Davenport,WA,Washington,LINCOLN,Davenport
Electric City,WA,Washington,GRANT,Electric City
Elmer City,WA,Washington,OKANOGAN,Elmer City
Endicott,WA,Washington,WHITMAN,Endicott
Evans,WA,Washington,STEVENS,Evans
Evans,WA,Washington,STEVENS,Kettle Falls
Farmington,WA,Washington,WHITMAN,Farmington
Fruitland,WA,Washington,STEVENS,Hunters
Fruitland,WA,Washington,STEVENS,Fruitland
Garfield,WA,Washington,WHITMAN,Garfield
Gifford,WA,Washington,STEVENS,Gifford
Grand Coulee,WA,Washington,GRANT,Grand Coulee
Harrington,WA,Washington,LINCOLN,Harrington
Hartline,WA,Washington,GRANT,Hartline
Hay,WA,Washington,WHITMAN,Hay
Hunters,WA,Washington,STEVENS,Cedonia
Hunters,WA,Washington,STEVENS,Hunters
Inchelium,WA,Washington,FERRY,Kewa
Inchelium,WA,Washington,FERRY,Inchelium
Ione,WA,Washington,PEND OREILLE,Ione
Keller,WA,Washington,FERRY,Keller
Kettle Falls,WA,Washington,STEVENS,Kettle Falls
Lacrosse,WA,Washington,WHITMAN,Lacrosse
Lacrosse,WA,Washington,WHITMAN,La Crosse
Lamona,WA,Washington,LINCOLN,Lamona
Lamona,WA,Washington,LINCOLN,Odessa
Laurier,WA,Washington,FERRY,Laurier
Lincoln,WA,Washington,LINCOLN,Creston
Lincoln,WA,Washington,LINCOLN,Lincoln
Loon Lake,WA,Washington,STEVENS,Deer Lake
Loon Lake,WA,Washington,STEVENS,Loon Lake
Malden,WA,Washington,WHITMAN,Malden
Malo,WA,Washington,FERRY,Malo
Marcus,WA,Washington,STEVENS,Marcus
Metaline,WA,Washington,PEND OREILLE,Metaline
Metaline Falls,WA,Washington,PEND OREILLE,Metaline Falls
Metaline Falls,WA,Washington,PEND OREILLE,Metaline Fls
Mohler,WA,Washington,LINCOLN,Mohler
Mohler,WA,Washington,LINCOLN,Harrington
Nespelem,WA,Washington,OKANOGAN,Nespelem
Newport,WA,Washington,PEND OREILLE,Newport
Northport,WA,Washington,STEVENS,Northport
Oakesdale,WA,Washington,WHITMAN,Oakesdale
Odessa,WA,Washington,LINCOLN,Odessa
Orient,WA,Washington,FERRY,Orient
Orient,WA,Washington,FERRY,Kettle Falls
Palouse,WA,Washington,WHITMAN,Palouse
Pullman,WA,Washington,WHITMAN,Pullman
Pullman,WA,Washington,WHITMAN,Washington State University
Republic,WA,Washington,FERRY,Republic
Rice,WA,Washington,STEVENS,Rice
Ritzville,WA,Washington,ADAMS,Ritzville
Rosalia,WA,Washington,WHITMAN,Rosalia
Rosalia,WA,Washington,WHITMAN,Plaza
Saint John,WA,Washington,WHITMAN,Saint John
Springdale,WA,Washington,STEVENS,Springdale
Steptoe,WA,Washington,WHITMAN,Steptoe
Thornton,WA,Washington,WHITMAN,Thornton
Uniontown,WA,Washington,WHITMAN,Uniontown
Usk,WA,Washington,PEND OREILLE,Usk
Valley,WA,Washington,STEVENS,Valley
Wilbur,WA,Washington,LINCOLN,Wilbur
Spokane,WA,Washington,SPOKANE,Spokane
Spokane,WA,Washington,SPOKANE,Liberty Park
Spokane,WA,Washington,SPOKANE,Manito
Spokane,WA,Washington,SPOKANE,Shadle Garland
Spokane,WA,Washington,SPOKANE,City Of Spokane Valley
Spokane,WA,Washington,SPOKANE,Spokane Valley
Spokane,WA,Washington,SPOKANE,Spokane Vly
Spokane,WA,Washington,SPOKANE,Cty Spok Val
Spokane,WA,Washington,SPOKANE,Millwood
Spokane,WA,Washington,SPOKANE,Sunset Hill
Spokane,WA,Washington,SPOKANE,Whitworth University
Spokane,WA,Washington,SPOKANE,Avista Corp
Spokane,WA,Washington,SPOKANE,Spokane City Trea
Spokane,WA,Washington,SPOKANE,Gonzaga Univ
Spokane,WA,Washington,SPOKANE,Public Safety Bldg
Spokane,WA,Washington,SPOKANE,Spokane Closed District
Pasco,WA,Washington,FRANKLIN,Pasco
Pasco,WA,Washington,FRANKLIN,Tri Cities
Benton City,WA,Washington,BENTON,Benton City
Benton City,WA,Washington,BENTON,Kiona
Beverly,WA,Washington,GRANT,Schawana
Beverly,WA,Washington,GRANT,Beverly
Bickleton,WA,Washington,KLICKITAT,Bickleton
Burbank,WA,Washington,WALLA WALLA,Burbank
College Place,WA,Washington,WALLA WALLA,College Place
Connell,WA,Washington,FRANKLIN,Connell
Dayton,WA,Washington,COLUMBIA,Dayton
Dixie,WA,Washington,WALLA WALLA,Dixie
Eltopia,WA,Washington,FRANKLIN,Eltopia
Hooper,WA,Washington,WHITMAN,Hooper
Kahlotus,WA,Washington,FRANKLIN,Kahlotus
Kennewick,WA,Washington,BENTON,Kenn
Kennewick,WA,Washington,BENTON,Finley
Kennewick,WA,Washington,BENTON,Kennewick
Lind,WA,Washington,ADAMS,Lind
Mesa,WA,Washington,FRANKLIN,Basin City
Mesa,WA,Washington,FRANKLIN,Mesa
Othello,WA,Washington,ADAMS,Hatton
Othello,WA,Washington,ADAMS,Royal Slope
Othello,WA,Washington,ADAMS,Othello
Paterson,WA,Washington,BENTON,Paterson
Plymouth,WA,Washington,BENTON,Plymouth
Pomeroy,WA,Washington,GARFIELD,Pomeroy
Prescott,WA,Washington,WALLA WALLA,Prescott
Mattawa,WA,Washington,GRANT,Desert Aire
Mattawa,WA,Washington,GRANT,Mattawa
Prosser,WA,Washington,BENTON,Prosser
Prosser,WA,Washington,BENTON,North Prosser
Richland,WA,Washington,BENTON,Hanford Works
Richland,WA,Washington,BENTON,West Richland
Richland,WA,Washington,BENTON,Richland
West Richland,WA,Washington,BENTON,Richland
West Richland,WA,Washington,BENTON,West Richland
Roosevelt,WA,Washington,KLICKITAT,Roosevelt
Royal City,WA,Washington,GRANT,Royal City
Starbuck,WA,Washington,COLUMBIA,Starbuck
Touchet,WA,Washington,WALLA WALLA,Touchet
Touchet,WA,Washington,WALLA WALLA,Lowden
Waitsburg,WA,Washington,WALLA WALLA,Waitsburg
Walla Walla,WA,Washington,WALLA WALLA,Walla Walla
Wallula,WA,Washington,WALLA WALLA,Wallula
Washtucna,WA,Washington,ADAMS,Washtucna
Anatone,WA,Washington,ASOTIN,Anatone
Asotin,WA,Washington,ASOTIN,Asotin
Clarkston,WA,Washington,ASOTIN,Clarkston
